distance,force
0.0,0.09585084312129766
0.00413223123177886,0.09585084312129766
0.00826446246355772,0.09716386836953461
0.01239669369533658,0.09716386836953461
0.01652892492711544,0.09716386836953461
0.0206611561588943,0.0945378178730607
0.02479338739067316,0.09585084312129766
0.02892561862245202,0.09585084312129766
0.03305784985423088,0.09847689361777157
0.03719008108600974,0.09585084312129766
0.0413223123177886,0.09585084312129766
0.04545454354956746,0.09716386836953461
0.04958677478134632,0.09585084312129766
0.05371900601312518,0.09585084312129766
0.05785123724490404,0.09716386836953461
0.0619834684766829,0.09585084312129766
0.06611569970846176,0.09716386836953461
0.07024793094024062,0.09585084312129766
0.07438016217201948,0.09716386836953461
0.07851239340379834,0.09585084312129766
0.0826446246355772,0.09716386836953461
0.08677685586735606,0.09585084312129766
0.09090908709913492,0.09585084312129766
0.09504131833091378,0.09716386836953461
0.09917354956269264,0.09716386836953461
0.1033057807944715,0.09585084312129766
0.10743801202625036,0.09585084312129766
0.11157024325802922,0.09585084312129766
0.11570247448980808,0.09585084312129766
0.11983470572158694,0.09716386836953461
0.1239669369533658,0.09716386836953461
0.12809916818514466,0.09716386836953461
0.13223139941692352,0.09585084312129766
0.13636363064870238,0.09585084312129766
0.14049586188048124,0.09585084312129766
0.1446280931122601,0.09585084312129766
0.14876032434403896,0.09585084312129766
0.15289255557581782,0.09585084312129766
0.15702478680759668,0.09585084312129766
0.16115701803937554,0.09585084312129766
0.1652892492711544,0.09847689361777157
0.16942148050293326,0.09716386836953461
0.17355371173471212,0.09716386836953461
0.17768594296649098,0.09585084312129766
0.18181817419826984,0.09585084312129766
0.1859504054300487,0.09585084312129766
0.19008263666182756,0.09716386836953461
0.19421486789360642,0.0945378178730607
0.19834709912538528,0.09847689361777157
0.20247933035716414,0.09716386836953461
0.206611561588943,0.09847689361777157
0.21074379282072186,0.09716386836953461
0.21487602405250072,0.09847689361777157
0.21900825528427958,0.09716386836953461
0.22314048651605844,0.09585084312129766
0.2272727177478373,0.09716386836953461
0.23140494897961617,0.09847689361777157
0.23553718021139503,0.09716386836953461
0.23966941144317389,0.09716386836953461
0.24380164267495275,0.09847689361777157
0.2479338739067316,0.09847689361777157
0.25206610513851047,0.09716386836953461
0.2561983363702893,0.09585084312129766
0.2603305676020682,0.09716386836953461
0.26446279883384705,0.09716386836953461
0.2685950300656259,0.09716386836953461
0.27272726129740477,0.09716386836953461
0.2768594925291836,0.09716386836953461
0.2809917237609625,0.09716386836953461
0.28512395499274135,0.09716386836953461
0.2892561862245202,0.09847689361777157
0.29338841745629907,0.09716386836953461
0.2975206486880779,0.09585084312129766
0.3016528799198568,0.09585084312129766
0.30578511115163565,0.09585084312129766
0.3099173423834145,0.09716386836953461
0.31404957361519337,0.09716386836953461
0.3181818048469722,0.09716386836953461
0.3223140360787511,0.09716386836953461
0.32644626731052995,0.09716386836953461
0.3305784985423088,0.09716386836953461
0.33471072977408767,0.09716386836953461
0.3388429610058665,0.09585084312129766
0.3429751922376454,0.09585084312129766
0.34710742346942425,0.09585084312129766
0.3512396547012031,0.09716386836953461
0.35537188593298197,0.09847689361777157
0.35950411716476083,0.09716386836953461
0.3636363483965397,0.09716386836953461
0.36776857962831855,0.09716386836953461
0.3719008108600974,0.09716386836953461
0.37603304209187627,0.09847689361777157
0.38016527332365513,0.09716386836953461
0.384297504555434,0.09978991886600852
0.38842973578721285,0.09716386836953461
0.3925619670189917,0.09716386836953461
0.39669419825077057,0.09716386836953461
0.40082642948254943,0.09847689361777157
0.4049586607143283,0.09716386836953461
0.40909089194610715,0.09716386836953461
0.413223123177886,0.09847689361777157
0.41735535440966487,0.09847689361777157
0.42148758564144373,0.09847689361777157
0.4256198168732226,0.09847689361777157
0.42975204810500145,0.09716386836953461
0.4338842793367803,0.09847689361777157
0.43801651056855917,0.09716386836953461
0.44214874180033803,0.09847689361777157
0.4462809730321169,0.09847689361777157
0.45041320426389575,0.09978991886600852
0.4545454354956746,0.09847689361777157
0.45867766672745347,0.09847689361777157
0.46280989795923233,0.09847689361777157
0.4669421291910112,0.09716386836953461
0.47107436042279005,0.09716386836953461
0.4752065916545689,0.09716386836953461
0.47933882288634777,0.09847689361777157
0.48347105411812663,0.09716386836953461
0.4876032853499055,0.09978991886600852
0.49173551658168435,0.09847689361777157
0.4958677478134632,0.09847689361777157
0.49999997904524207,0.09847689361777157
0.5041322102770209,0.09847689361777157
0.5082644415087998,0.09716386836953461
0.5123966727405787,0.09847689361777157
0.5165289039723575,0.09847689361777157
0.5206611352041364,0.09847689361777157
0.5247933664359152,0.09716386836953461
0.5289255976676941,0.09716386836953461
0.533057828899473,0.09716386836953461
0.5371900601312518,0.09585084312129766
0.5413222913630307,0.09847689361777157
0.5454545225948095,0.09847689361777157
0.5495867538265884,0.09847689361777157
0.5537189850583673,0.09716386836953461
0.5578512162901461,0.09716386836953461
0.561983447521925,0.09847689361777157
0.5661156787537038,0.09716386836953461
0.5702479099854827,0.09716386836953461
0.5743801412172616,0.09716386836953461
0.5785123724490404,0.09847689361777157
0.5826446036808193,0.09978991886600852
0.5867768349125981,0.09716386836953461
0.590909066144377,0.09847689361777157
0.5950412973761559,0.09585084312129766
0.5991735286079347,0.09716386836953461
0.6033057598397136,0.09847689361777157
0.6074379910714924,0.09847689361777157
0.6115702223032713,0.09716386836953461
0.6157024535350502,0.09716386836953461
0.619834684766829,0.09847689361777157
0.6239669159986079,0.09716386836953461
0.6280991472303867,0.09847689361777157
0.6322313784621656,0.09847689361777157
0.6363636096939445,0.09716386836953461
0.6404958409257233,0.09847689361777157
0.6446280721575022,0.09847689361777157
0.648760303389281,0.09716386836953461
0.6528925346210599,0.09716386836953461
0.6570247658528388,0.09716386836953461
0.6611569970846176,0.09716386836953461
0.6652892283163965,0.09716386836953461
0.6694214595481753,0.09716386836953461
0.6735536907799542,0.09716386836953461
0.677685922011733,0.09716386836953461
0.6818181532435119,0.09716386836953461
0.6859503844752908,0.09716386836953461
0.6900826157070696,0.09716386836953461
0.6942148469388485,0.09847689361777157
0.6983470781706274,0.09847689361777157
0.7024793094024062,0.09847689361777157
0.7066115406341851,0.09716386836953461
0.7107437718659639,0.09716386836953461
0.7148760030977428,0.09847689361777157
0.7190082343295217,0.09585084312129766
0.7231404655613005,0.09847689361777157
0.7272726967930794,0.09847689361777157
0.7314049280248582,0.09716386836953461
0.7355371592566371,0.09716386836953461
0.739669390488416,0.09716386836953461
0.7438016217201948,0.09716386836953461
0.7479338529519737,0.09585084312129766
0.7520660841837525,0.09716386836953461
0.7561983154155314,0.09847689361777157
0.7603305466473103,0.09716386836953461
0.7644627778790891,0.09847689361777157
0.768595009110868,0.09585084312129766
0.7727272403426468,0.09847689361777157
0.7768594715744257,0.09847689361777157
0.7809917028062046,0.09716386836953461
0.7851239340379834,0.09716386836953461
0.7892561652697623,0.09585084312129766
0.7933883965015411,0.09716386836953461
0.79752062773332,0.09847689361777157
0.8016528589650989,0.09585084312129766
0.8057850901968777,0.09716386836953461
0.8099173214286566,0.09716386836953461
0.8140495526604354,0.09585084312129766
0.8181817838922143,0.09585084312129766
0.8223140151239932,0.09585084312129766
0.826446246355772,0.09847689361777157
0.8305784775875509,0.09847689361777157
0.8347107088193297,0.09716386836953461
0.8388429400511086,0.09978991886600852
0.8429751712828875,0.09847689361777157
0.8471074025146663,0.09716386836953461
0.8512396337464452,0.09716386836953461
0.855371864978224,0.09585084312129766
0.8595040962100029,0.09716386836953461
0.8636363274417818,0.09716386836953461
0.8677685586735606,0.09585084312129766
0.8719007899053395,0.09716386836953461
0.8760330211371183,0.09716386836953461
0.8801652523688972,0.09585084312129766
0.8842974836006761,0.09716386836953461
0.8884297148324549,0.09585084312129766
0.8925619460642338,0.09585084312129766
0.8966941772960126,0.09847689361777157
0.9008264085277915,0.09585084312129766
0.9049586397595704,0.09585084312129766
0.9090908709913492,0.09716386836953461
0.9132231022231281,0.09585084312129766
0.9173553334549069,0.09716386836953461
0.9214875646866858,0.09847689361777157
0.9256197959184647,0.09716386836953461
0.9297520271502435,0.09847689361777157
0.9338842583820224,0.09716386836953461
0.9380164896138012,0.09847689361777157
0.9421487208455801,0.09716386836953461
0.946280952077359,0.0945378178730607
0.9504131833091378,0.09716386836953461
0.9545454145409167,0.09716386836953461
0.9586776457726955,0.09716386836953461
0.9628098770044744,0.09847689361777157
0.9669421082362533,0.09716386836953461
0.9710743394680321,0.09585084312129766
0.975206570699811,0.09847689361777157
0.9793388019315898,0.09585084312129766
0.9834710331633687,0.09716386836953461
0.9876032643951476,0.09716386836953461
0.9917354956269264,0.09716386836953461
0.9958677268587053,0.09716386836953461
0.9999999580904841,0.09716386836953461
1.004132189322263,0.09585084312129766
1.0082644205540419,0.09716386836953461
1.0123966517858207,0.09716386836953461
1.0165288830175996,0.09716386836953461
1.0206611142493784,0.09585084312129766
1.0247933454811573,0.09585084312129766
1.0289255767129362,0.09585084312129766
1.033057807944715,0.09716386836953461
1.0371900391764939,0.09847689361777157
1.0413222704082727,0.09716386836953461
1.0454545016400516,0.09716386836953461
1.0495867328718305,0.09716386836953461
1.0537189641036093,0.09716386836953461
1.0578511953353882,0.0945378178730607
1.061983426567167,0.09716386836953461
1.066115657798946,0.09716386836953461
1.0702478890307248,0.09716386836953461
1.0743801202625036,0.09585084312129766
1.0785123514942825,0.09716386836953461
1.0826445827260613,0.09716386836953461
1.0867768139578402,0.09585084312129766
1.090909045189619,0.09585084312129766
1.095041276421398,0.0945378178730607
1.0991735076531768,0.0945378178730607
1.1033057388849556,0.09585084312129766
1.1074379701167345,0.09716386836953461
1.1115702013485134,0.0945378178730607
1.1157024325802922,0.09716386836953461
1.119834663812071,0.09716386836953461
1.12396689504385,0.09716386836953461
1.1280991262756288,0.09585084312129766
1.1322313575074077,0.09585084312129766
1.1363635887391865,0.09585084312129766
1.1404958199709654,0.09585084312129766
1.1446280512027442,0.09585084312129766
1.148760282434523,0.09585084312129766
1.152892513666302,0.09585084312129766
1.1570247448980808,0.09716386836953461
1.1611569761298597,0.09716386836953461
1.1652892073616385,0.09716386836953461
1.1694214385934174,0.09716386836953461
1.1735536698251963,0.09585084312129766
1.1776859010569751,0.09716386836953461
1.181818132288754,0.09585084312129766
1.1859503635205328,0.09585084312129766
1.1900825947523117,0.09716386836953461
1.1942148259840906,0.09585084312129766
1.1983470572158694,0.09716386836953461
1.2024792884476483,0.09716386836953461
1.2066115196794271,0.09585084312129766
1.210743750911206,0.09716386836953461
1.2148759821429849,0.09585084312129766
1.2190082133747637,0.09716386836953461
1.2231404446065426,0.0945378178730607
1.2272726758383214,0.0945378178730607
1.2314049070701003,0.09585084312129766
1.2355371383018792,0.09585084312129766
1.239669369533658,0.09585084312129766
1.2438016007654369,0.09716386836953461
1.2479338319972157,0.09585084312129766
1.2520660632289946,0.09716386836953461
1.2561982944607735,0.09716386836953461
1.2603305256925523,0.09716386836953461
1.2644627569243312,0.09585084312129766
1.26859498815611,0.0945378178730607
1.272727219387889,0.09716386836953461
1.2768594506196678,0.09716386836953461
1.2809916818514466,0.09585084312129766
1.2851239130832255,0.09585084312129766
1.2892561443150043,0.09585084312129766
1.2933883755467832,0.09585084312129766
1.297520606778562,0.09585084312129766
1.301652838010341,0.09585084312129766
1.3057850692421198,0.09585084312129766
1.3099173004738986,0.09322479262482375
1.3140495317056775,0.0945378178730607
1.3181817629374564,0.09585084312129766
1.3223139941692352,0.09585084312129766
1.326446225401014,0.09716386836953461
1.330578456632793,0.09716386836953461
1.3347106878645718,0.09585084312129766
1.3388429190963507,0.09585084312129766
1.3429751503281295,0.09716386836953461
1.3471073815599084,0.0945378178730607
1.3512396127916873,0.09716386836953461
1.355371844023466,0.0945378178730607
1.359504075255245,0.09585084312129766
1.3636363064870238,0.09716386836953461
1.3677685377188027,0.0945378178730607
1.3719007689505816,0.09585084312129766
1.3760330001823604,0.09585084312129766
1.3801652314141393,0.09585084312129766
1.3842974626459181,0.09585084312129766
1.388429693877697,0.09585084312129766
1.3925619251094759,0.09716386836953461
1.3966941563412547,0.09322479262482375
1.4008263875730336,0.09585084312129766
1.4049586188048124,0.09585084312129766
1.4090908500365913,0.0945378178730607
1.4132230812683702,0.09585084312129766
1.417355312500149,0.09585084312129766
1.4214875437319279,0.09585084312129766
1.4256197749637067,0.09585084312129766
1.4297520061954856,0.09585084312129766
1.4338842374272645,0.09585084312129766
1.4380164686590433,0.09585084312129766
1.4421486998908222,0.0945378178730607
1.446280931122601,0.09585084312129766
1.45041316235438,0.0945378178730607
1.4545453935861588,0.09585084312129766
1.4586776248179376,0.09585084312129766
1.4628098560497165,0.09585084312129766
1.4669420872814953,0.09847689361777157
1.4710743185132742,0.09585084312129766
1.475206549745053,0.09716386836953461
1.479338780976832,0.09716386836953461
1.4834710122086108,0.0945378178730607
1.4876032434403896,0.09585084312129766
1.4917354746721685,0.0945378178730607
1.4958677059039474,0.09716386836953461
1.4999999371357262,0.09585084312129766
1.504132168367505,0.0945378178730607
1.508264399599284,0.0945378178730607
1.5123966308310628,0.09585084312129766
1.5165288620628417,0.09585084312129766
1.5206610932946205,0.09585084312129766
1.5247933245263994,0.09716386836953461
1.5289255557581782,0.09585084312129766
1.533057786989957,0.09716386836953461
1.537190018221736,0.09585084312129766
1.5413222494535148,0.09585084312129766
1.5454544806852937,0.0945378178730607
1.5495867119170725,0.0945378178730607
1.5537189431488514,0.09585084312129766
1.5578511743806303,0.09585084312129766
1.5619834056124091,0.09585084312129766
1.566115636844188,0.09585084312129766
1.5702478680759668,0.09585084312129766
1.5743800993077457,0.0945378178730607
1.5785123305395246,0.09585084312129766
1.5826445617713034,0.09585084312129766
1.5867767930030823,0.0945378178730607
1.5909090242348611,0.0945378178730607
1.59504125546664,0.0945378178730607
1.5991734866984189,0.0945378178730607
1.6033057179301977,0.0945378178730607
1.6074379491619766,0.09322479262482375
1.6115701803937554,0.0945378178730607
1.6157024116255343,0.0945378178730607
1.6198346428573132,0.0945378178730607
1.623966874089092,0.09585084312129766
1.6280991053208709,0.09322479262482375
1.6322313365526497,0.0945378178730607
1.6363635677844286,0.09716386836953461
1.6404957990162075,0.0945378178730607
1.6446280302479863,0.09716386836953461
1.6487602614797652,0.0945378178730607
1.652892492711544,0.09585084312129766
1.657024723943323,0.09585084312129766
1.6611569551751018,0.0945378178730607
1.6652891864068806,0.09585084312129766
1.6694214176386595,0.09585084312129766
1.6735536488704383,0.09716386836953461
1.6776858801022172,0.0945378178730607
1.681818111333996,0.0945378178730607
1.685950342565775,0.0945378178730607
1.6900825737975538,0.0945378178730607
1.6942148050293326,0.09585084312129766
1.6983470362611115,0.09585084312129766
1.7024792674928904,0.09585084312129766
1.7066114987246692,0.09585084312129766
1.710743729956448,0.0945378178730607
1.714875961188227,0.09585084312129766
1.7190081924200058,0.09322479262482375
1.7231404236517847,0.09585084312129766
1.7272726548835635,0.09585084312129766
1.7314048861153424,0.09585084312129766
1.7355371173471212,0.09585084312129766
1.7396693485789,0.0945378178730607
1.743801579810679,0.09585084312129766
1.7479338110424578,0.09585084312129766
1.7520660422742367,0.09585084312129766
1.7561982735060155,0.09716386836953461
1.7603305047377944,0.0945378178730607
1.7644627359695733,0.09585084312129766
1.7685949672013521,0.0945378178730607
1.772727198433131,0.09716386836953461
1.7768594296649098,0.09585084312129766
1.7809916608966887,0.09322479262482375
1.7851238921284676,0.09585084312129766
1.7892561233602464,0.09585084312129766
1.7933883545920253,0.0945378178730607
1.7975205858238041,0.0945378178730607
1.801652817055583,0.09585084312129766
1.8057850482873619,0.09585084312129766
1.8099172795191407,0.09585084312129766
1.8140495107509196,0.09716386836953461
1.8181817419826984,0.09585084312129766
1.8223139732144773,0.0945378178730607
1.8264462044462562,0.09585084312129766
1.830578435678035,0.0945378178730607
1.8347106669098139,0.09716386836953461
1.8388428981415927,0.09716386836953461
1.8429751293733716,0.09585084312129766
1.8471073606051505,0.09585084312129766
1.8512395918369293,0.09585084312129766
1.8553718230687082,0.0945378178730607
1.859504054300487,0.0945378178730607
1.863636285532266,0.09585084312129766
1.8677685167640448,0.09716386836953461
1.8719007479958236,0.09716386836953461
1.8760329792276025,0.09585084312129766
1.8801652104593813,0.09716386836953461
1.8842974416911602,0.09716386836953461
1.888429672922939,0.09585084312129766
1.892561904154718,0.0945378178730607
1.8966941353864968,0.09585084312129766
1.9008263666182756,0.09585084312129766
1.9049585978500545,0.09716386836953461
1.9090908290818334,0.0945378178730607
1.9132230603136122,0.09585084312129766
1.917355291545391,0.09322479262482375
1.92148752277717,0.09585084312129766
1.9256197540089488,0.09585084312129766
1.9297519852407277,0.09585084312129766
1.9338842164725065,0.09585084312129766
1.9380164477042854,0.09716386836953461
1.9421486789360642,0.0945378178730607
1.946280910167843,0.09585084312129766
1.950413141399622,0.09716386836953461
1.9545453726314008,0.0945378178730607
1.9586776038631797,0.0945378178730607
1.9628098350949585,0.0945378178730607
1.9669420663267374,0.09585084312129766
1.9710742975585163,0.09585084312129766
1.9752065287902951,0.0945378178730607
1.979338760022074,0.09585084312129766
1.9834709912538528,0.09585084312129766
1.9876032224856317,0.0945378178730607
1.9917354537174106,0.09585084312129766
1.9958676849491894,0.0945378178730607
1.9999999161809683,0.0945378178730607
2.004132147412747,0.09585084312129766
2.008264378644526,0.0945378178730607
2.012396609876305,0.0945378178730607
2.0165288411080837,0.09585084312129766
2.0206610723398626,0.09585084312129766
2.0247933035716414,0.09585084312129766
2.0289255348034203,0.0945378178730607
2.033057766035199,0.0945378178730607
2.037189997266978,0.0945378178730607
2.041322228498757,0.0945378178730607
2.0454544597305357,0.0945378178730607
2.0495866909623146,0.0945378178730607
2.0537189221940935,0.09322479262482375
2.0578511534258723,0.09585084312129766
2.061983384657651,0.0945378178730607
2.06611561588943,0.0945378178730607
2.070247847121209,0.09322479262482375
2.0743800783529878,0.0945378178730607
2.0785123095847666,0.09585084312129766
2.0826445408165455,0.0945378178730607
2.0867767720483243,0.09585084312129766
2.090909003280103,0.0945378178730607
2.095041234511882,0.09585084312129766
2.099173465743661,0.0945378178730607
2.10330569697544,0.0945378178730607
2.1074379282072186,0.09322479262482375
2.1115701594389975,0.09322479262482375
2.1157023906707764,0.09585084312129766
2.1198346219025552,0.0945378178730607
2.123966853134334,0.0945378178730607
2.128099084366113,0.0945378178730607
2.132231315597892,0.09322479262482375
2.1363635468296707,0.09322479262482375
2.1404957780614495,0.0945378178730607
2.1446280092932284,0.09322479262482375
2.1487602405250072,0.09322479262482375
2.152892471756786,0.09585084312129766
2.157024702988565,0.09322479262482375
2.161156934220344,0.0945378178730607
2.1652891654521227,0.0945378178730607
2.1694213966839015,0.0945378178730607
2.1735536279156804,0.09585084312129766
2.1776858591474593,0.0945378178730607
2.181818090379238,0.09322479262482375
2.185950321611017,0.0945378178730607
2.190082552842796,0.09322479262482375
2.1942147840745747,0.09585084312129766
2.1983470153063536,0.09322479262482375
2.2024792465381324,0.0919117673765868
2.2066114777699113,0.0945378178730607
2.21074370900169,0.09322479262482375
2.214875940233469,0.0919117673765868
2.219008171465248,0.0945378178730607
2.2231404026970267,0.09585084312129766
2.2272726339288056,0.0945378178730607
2.2314048651605844,0.0945378178730607
2.2355370963923633,0.09322479262482375
2.239669327624142,0.0919117673765868
2.243801558855921,0.0919117673765868
2.2479337900877,0.0919117673765868
2.2520660213194788,0.09322479262482375
2.2561982525512576,0.0945378178730607
2.2603304837830365,0.0945378178730607
2.2644627150148153,0.09322479262482375
2.268594946246594,0.0919117673765868
2.272727177478373,0.0919117673765868
2.276859408710152,0.0945378178730607
2.2809916399419308,0.09322479262482375
2.2851238711737096,0.0945378178730607
2.2892561024054885,0.0945378178730607
2.2933883336372674,0.09322479262482375
2.297520564869046,0.09322479262482375
2.301652796100825,0.0945378178730607
2.305785027332604,0.09322479262482375
2.309917258564383,0.09322479262482375
2.3140494897961617,0.0945378178730607
2.3181817210279405,0.0919117673765868
2.3223139522597194,0.09322479262482375
2.3264461834914982,0.0919117673765868
2.330578414723277,0.0919117673765868
2.334710645955056,0.09322479262482375
2.338842877186835,0.09322479262482375
2.3429751084186137,0.09322479262482375
2.3471073396503925,0.09322479262482375
2.3512395708821714,0.09322479262482375
2.3553718021139503,0.09322479262482375
2.359504033345729,0.0945378178730607
2.363636264577508,0.0945378178730607
2.367768495809287,0.09322479262482375
2.3719007270410657,0.0945378178730607
2.3760329582728446,0.09322479262482375
2.3801651895046234,0.09322479262482375
2.3842974207364023,0.0919117673765868
2.388429651968181,0.09322479262482375
2.39256188319996,0.09322479262482375
2.396694114431739,0.09322479262482375
2.4008263456635177,0.0945378178730607
2.4049585768952966,0.09322479262482375
2.4090908081270754,0.0945378178730607
2.4132230393588543,0.0919117673765868
2.417355270590633,0.09322479262482375
2.421487501822412,0.0919117673765868
2.425619733054191,0.0945378178730607
2.4297519642859697,0.09322479262482375
2.4338841955177486,0.0945378178730607
2.4380164267495275,0.0945378178730607
2.4421486579813063,0.09322479262482375
2.446280889213085,0.09322479262482375
2.450413120444864,0.09322479262482375
2.454545351676643,0.09322479262482375
2.4586775829084218,0.0945378178730607
2.4628098141402006,0.09322479262482375
2.4669420453719795,0.0945378178730607
2.4710742766037583,0.0945378178730607
2.475206507835537,0.0919117673765868
2.479338739067316,0.0945378178730607
2.483470970299095,0.09322479262482375
2.4876032015308738,0.0945378178730607
2.4917354327626526,0.09322479262482375
2.4958676639944315,0.0945378178730607
2.4999998952262104,0.0945378178730607
2.504132126457989,0.09585084312129766
2.508264357689768,0.09322479262482375
2.512396588921547,0.0945378178730607
2.516528820153326,0.0945378178730607
2.5206610513851047,0.09322479262482375
2.5247932826168835,0.09322479262482375
2.5289255138486624,0.0945378178730607
2.5330577450804412,0.0919117673765868
2.53718997631222,0.0945378178730607
2.541322207543999,0.0945378178730607
2.545454438775778,0.0945378178730607
2.5495866700075567,0.09322479262482375
2.5537189012393355,0.0945378178730607
2.5578511324711144,0.0945378178730607
2.5619833637028933,0.09585084312129766
2.566115594934672,0.09585084312129766
2.570247826166451,0.09585084312129766
2.57438005739823,0.09585084312129766
2.5785122886300087,0.09585084312129766
2.5826445198617876,0.0945378178730607
2.5867767510935664,0.0945378178730607
2.5909089823253453,0.0945378178730607
2.595041213557124,0.0945378178730607
2.599173444788903,0.09585084312129766
2.603305676020682,0.09585084312129766
2.6074379072524607,0.09585084312129766
2.6115701384842396,0.09585084312129766
2.6157023697160184,0.0945378178730607
2.6198346009477973,0.0945378178730607
2.623966832179576,0.0945378178730607
2.628099063411355,0.09585084312129766
2.632231294643134,0.0945378178730607
2.6363635258749127,0.09585084312129766
2.6404957571066916,0.09716386836953461
2.6446279883384705,0.09716386836953461
2.6487602195702493,0.09585084312129766
2.652892450802028,0.09322479262482375
2.657024682033807,0.09585084312129766
2.661156913265586,0.09585084312129766
2.6652891444973648,0.09585084312129766
2.6694213757291436,0.09585084312129766
2.6735536069609225,0.09585084312129766
2.6776858381927013,0.09585084312129766
2.68181806942448,0.09585084312129766
2.685950300656259,0.09585084312129766
2.690082531888038,0.09585084312129766
2.694214763119817,0.09585084312129766
2.6983469943515956,0.09716386836953461
2.7024792255833745,0.09716386836953461
2.7066114568151534,0.09716386836953461
2.710743688046932,0.09716386836953461
2.714875919278711,0.09847689361777157
2.71900815051049,0.09716386836953461
2.723140381742269,0.09716386836953461
2.7272726129740477,0.09716386836953461
2.7314048442058265,0.09585084312129766
2.7355370754376054,0.09585084312129766
2.7396693066693842,0.09716386836953461
2.743801537901163,0.09585084312129766
2.747933769132942,0.09716386836953461
2.752066000364721,0.09716386836953461
2.7561982315964997,0.09716386836953461
2.7603304628282785,0.09716386836953461
2.7644626940600574,0.09716386836953461
2.7685949252918363,0.09847689361777157
2.772727156523615,0.09716386836953461
2.776859387755394,0.09716386836953461
2.780991618987173,0.09847689361777157
2.7851238502189517,0.09847689361777157
2.7892560814507306,0.09716386836953461
2.7933883126825094,0.09585084312129766
2.7975205439142883,0.09716386836953461
2.801652775146067,0.09716386836953461
2.805785006377846,0.09847689361777157
2.809917237609625,0.09847689361777157
2.8140494688414037,0.09847689361777157
2.8181817000731826,0.09716386836953461
2.8223139313049614,0.09847689361777157
2.8264461625367403,0.09716386836953461
2.830578393768519,0.09716386836953461
2.834710625000298,0.09847689361777157
2.838842856232077,0.09847689361777157
2.8429750874638557,0.09847689361777157
2.8471073186956346,0.09978991886600852
2.8512395499274135,0.09847689361777157
2.8553717811591923,0.09978991886600852
2.859504012390971,0.09716386836953461
2.86363624362275,0.09716386836953461
2.867768474854529,0.09716386836953461
2.8719007060863078,0.09978991886600852
2.8760329373180866,0.09716386836953461
2.8801651685498655,0.09847689361777157
2.8842973997816443,0.09847689361777157
2.888429631013423,0.09978991886600852
2.892561862245202,0.09716386836953461
2.896694093476981,0.09847689361777157
2.90082632470876,0.09585084312129766
2.9049585559405386,0.09847689361777157
2.9090907871723175,0.09978991886600852
2.9132230184040964,0.09978991886600852
2.9173552496358752,0.09978991886600852
2.921487480867654,0.09978991886600852
2.925619712099433,0.09847689361777157
2.929751943331212,0.09847689361777157
2.9338841745629907,0.09716386836953461
2.9380164057947695,0.09716386836953461
2.9421486370265484,0.09847689361777157
2.9462808682583272,0.09978991886600852
2.950413099490106,0.09847689361777157
2.954545330721885,0.09978991886600852
2.958677561953664,0.09978991886600852
2.9628097931854427,0.09847689361777157
2.9669420244172215,0.09716386836953461
2.9710742556490004,0.09716386836953461
2.9752064868807793,0.09847689361777157
2.979338718112558,0.09978991886600852
2.983470949344337,0.09978991886600852
2.987603180576116,0.09978991886600852
2.9917354118078947,0.09978991886600852
2.9958676430396736,0.09978991886600852
2.9999998742714524,0.09847689361777157
3.0041321055032313,0.09978991886600852
3.00826433673501,0.09978991886600852
3.012396567966789,0.09847689361777157
3.016528799198568,0.09978991886600852
3.0206610304303467,0.09978991886600852
3.0247932616621256,0.09978991886600852
3.0289254928939044,0.09978991886600852
3.0330577241256833,0.09978991886600852
3.037189955357462,0.09978991886600852
3.041322186589241,0.09978991886600852
3.04545441782102,0.09847689361777157
3.0495866490527987,0.09978991886600852
3.0537188802845776,0.09978991886600852
3.0578511115163565,0.09847689361777157
3.0619833427481353,0.09847689361777157
3.066115573979914,0.09847689361777157
3.070247805211693,0.09978991886600852
3.074380036443472,0.09847689361777157
3.0785122676752508,0.09847689361777157
3.0826444989070296,0.09978991886600852
3.0867767301388085,0.09847689361777157
3.0909089613705873,0.09978991886600852
3.095041192602366,0.09978991886600852
3.099173423834145,0.10110294411424547
3.103305655065924,0.09847689361777157
3.107437886297703,0.09978991886600852
3.1115701175294816,0.09847689361777157
3.1157023487612605,0.10110294411424547
3.1198345799930394,0.09978991886600852
3.1239668112248182,0.10241596936248243
3.128099042456597,0.10110294411424547
3.132231273688376,0.10372899461071938
3.136363504920155,0.10110294411424547
3.1404957361519337,0.09847689361777157
3.1446279673837125,0.09978991886600852
3.1487601986154914,0.09978991886600852
3.1528924298472703,0.10110294411424547
3.157024661079049,0.09978991886600852
3.161156892310828,0.09978991886600852
3.165289123542607,0.09978991886600852
3.1694213547743857,0.10110294411424547
3.1735535860061646,0.09847689361777157
3.1776858172379434,0.09978991886600852
3.1818180484697223,0.09847689361777157
3.185950279701501,0.09978991886600852
3.19008251093328,0.10110294411424547
3.194214742165059,0.10110294411424547
3.1983469733968377,0.09978991886600852
3.2024792046286166,0.09978991886600852
3.2066114358603954,0.09978991886600852
3.2107436670921743,0.09847689361777157
3.214875898323953,0.09847689361777157
3.219008129555732,0.09847689361777157
3.223140360787511,0.09978991886600852
3.2272725920192897,0.09847689361777157
3.2314048232510686,0.09978991886600852
3.2355370544828475,0.10110294411424547
3.2396692857146263,0.09978991886600852
3.243801516946405,0.09978991886600852
3.247933748178184,0.09978991886600852
3.252065979409963,0.09847689361777157
3.2561982106417418,0.09847689361777157
3.2603304418735206,0.09978991886600852
3.2644626731052995,0.09847689361777157
3.2685949043370783,0.10110294411424547
3.272727135568857,0.10110294411424547
3.276859366800636,0.09978991886600852
3.280991598032415,0.09978991886600852
3.2851238292641938,0.09847689361777157
3.2892560604959726,0.09847689361777157
3.2933882917277515,0.09716386836953461
3.2975205229595304,0.09847689361777157
3.301652754191309,0.09847689361777157
3.305784985423088,0.09847689361777157
3.309917216654867,0.09847689361777157
3.314049447886646,0.09716386836953461
3.3181816791184247,0.09978991886600852
3.3223139103502035,0.09847689361777157
3.3264461415819824,0.09978991886600852
3.3305783728137612,0.09978991886600852
3.33471060404554,0.09978991886600852
3.338842835277319,0.09978991886600852
3.342975066509098,0.09978991886600852
3.3471072977408767,0.09847689361777157
3.3512395289726555,0.09716386836953461
3.3553717602044344,0.09978991886600852
3.3595039914362133,0.09847689361777157
3.363636222667992,0.09847689361777157
3.367768453899771,0.09978991886600852
3.37190068513155,0.09978991886600852
3.3760329163633287,0.09978991886600852
3.3801651475951076,0.09716386836953461
3.3842973788268864,0.09847689361777157
3.3884296100586653,0.09847689361777157
3.392561841290444,0.10110294411424547
3.396694072522223,0.09978991886600852
3.400826303754002,0.09847689361777157
3.4049585349857807,0.09978991886600852
3.4090907662175596,0.09978991886600852
3.4132229974493384,0.09978991886600852
3.4173552286811173,0.09978991886600852
3.421487459912896,0.09847689361777157
3.425619691144675,0.09847689361777157
3.429751922376454,0.09978991886600852
3.4338841536082327,0.09847689361777157
3.4380163848400116,0.09978991886600852
3.4421486160717905,0.09978991886600852
3.4462808473035693,0.09847689361777157
3.450413078535348,0.09978991886600852
3.454545309767127,0.09978991886600852
3.458677540998906,0.09847689361777157
3.4628097722306848,0.09978991886600852
3.4669420034624636,0.09978991886600852
3.4710742346942425,0.09716386836953461
3.4752064659260213,0.09847689361777157
3.4793386971578,0.09847689361777157
3.483470928389579,0.09847689361777157
3.487603159621358,0.09847689361777157
3.4917353908531368,0.09978991886600852
3.4958676220849156,0.09978991886600852
3.4999998533166945,0.09847689361777157
3.5041320845484734,0.09716386836953461
3.508264315780252,0.09847689361777157
3.512396547012031,0.09978991886600852
3.51652877824381,0.09716386836953461
3.520661009475589,0.09978991886600852
3.5247932407073677,0.09847689361777157
3.5289254719391465,0.09978991886600852
3.5330577031709254,0.09847689361777157
3.5371899344027042,0.09847689361777157
3.541322165634483,0.09978991886600852
3.545454396866262,0.09978991886600852
3.549586628098041,0.09716386836953461
3.5537188593298197,0.09847689361777157
3.5578510905615985,0.09847689361777157
3.5619833217933774,0.09847689361777157
3.5661155530251563,0.09847689361777157
3.570247784256935,0.09847689361777157
3.574380015488714,0.09716386836953461
3.578512246720493,0.09716386836953461
3.5826444779522717,0.09847689361777157
3.5867767091840506,0.09847689361777157
3.5909089404158294,0.09847689361777157
3.5950411716476083,0.09978991886600852
3.599173402879387,0.09847689361777157
3.603305634111166,0.09847689361777157
3.607437865342945,0.09978991886600852
3.6115700965747237,0.09716386836953461
3.6157023278065026,0.09847689361777157
3.6198345590382814,0.09716386836953461
3.6239667902700603,0.09716386836953461
3.628099021501839,0.09716386836953461
3.632231252733618,0.09847689361777157
3.636363483965397,0.09716386836953461
3.6404957151971757,0.09847689361777157
3.6446279464289546,0.09716386836953461
3.6487601776607335,0.09847689361777157
3.6528924088925123,0.09847689361777157
3.657024640124291,0.09847689361777157
3.66115687135607,0.09716386836953461
3.665289102587849,0.09847689361777157
3.6694213338196278,0.09847689361777157
3.6735535650514066,0.09716386836953461
3.6776857962831855,0.09847689361777157
3.6818180275149643,0.09716386836953461
3.685950258746743,0.09847689361777157
3.690082489978522,0.09716386836953461
3.694214721210301,0.09847689361777157
3.69834695244208,0.09585084312129766
3.7024791836738586,0.09847689361777157
3.7066114149056375,0.09847689361777157
3.7107436461374164,0.09716386836953461
3.7148758773691952,0.09716386836953461
3.719008108600974,0.09716386836953461
3.723140339832753,0.09585084312129766
3.727272571064532,0.09716386836953461
3.7314048022963107,0.09716386836953461
3.7355370335280895,0.09847689361777157
3.7396692647598684,0.09716386836953461
3.7438014959916472,0.09716386836953461
3.747933727223426,0.09847689361777157
3.752065958455205,0.09847689361777157
3.756198189686984,0.09847689361777157
3.7603304209187627,0.09585084312129766
3.7644626521505415,0.09585084312129766
3.7685948833823204,0.09585084312129766
3.7727271146140993,0.09585084312129766
3.776859345845878,0.09585084312129766
3.780991577077657,0.09585084312129766
3.785123808309436,0.09716386836953461
3.7892560395412147,0.09847689361777157
3.7933882707729936,0.09716386836953461
3.7975205020047724,0.09716386836953461
3.8016527332365513,0.09716386836953461
3.80578496446833,0.09716386836953461
3.809917195700109,0.09716386836953461
3.814049426931888,0.09716386836953461
3.8181816581636667,0.09585084312129766
3.8223138893954456,0.09716386836953461
3.8264461206272244,0.09716386836953461
3.8305783518590033,0.09716386836953461
3.834710583090782,0.09585084312129766
3.838842814322561,0.09585084312129766
3.84297504555434,0.09716386836953461
3.8471072767861187,0.09716386836953461
3.8512395080178976,0.09585084312129766
3.8553717392496765,0.09585084312129766
3.8595039704814553,0.09585084312129766
3.863636201713234,0.09585084312129766
3.867768432945013,0.09585084312129766
3.871900664176792,0.09585084312129766
3.8760328954085708,0.09716386836953461
3.8801651266403496,0.09585084312129766
3.8842973578721285,0.09585084312129766
3.8884295891039073,0.09847689361777157
3.892561820335686,0.09716386836953461
3.896694051567465,0.09716386836953461
3.900826282799244,0.09585084312129766
3.904958514031023,0.09585084312129766
3.9090907452628016,0.09585084312129766
3.9132229764945805,0.09585084312129766
3.9173552077263594,0.09585084312129766
3.9214874389581382,0.09585084312129766
3.925619670189917,0.09847689361777157
3.929751901421696,0.09585084312129766
3.933884132653475,0.09847689361777157
3.9380163638852537,0.09716386836953461
3.9421485951170325,0.09585084312129766
3.9462808263488114,0.0945378178730607
3.9504130575805902,0.09585084312129766
3.954545288812369,0.09585084312129766
3.958677520044148,0.09585084312129766
3.962809751275927,0.0945378178730607
3.9669419825077057,0.09716386836953461
3.9710742137394845,0.09585084312129766
3.9752064449712634,0.09585084312129766
3.9793386762030423,0.0945378178730607
3.983470907434821,0.0945378178730607
3.9876031386666,0.09585084312129766
3.991735369898379,0.09585084312129766
3.9958676011301577,0.09716386836953461
3.9999998323619366,0.09716386836953461
4.004132063593715,0.09585084312129766
4.008264294825494,0.09585084312129766
4.012396526057273,0.0945378178730607
4.016528757289052,0.09585084312129766
4.020660988520831,0.09585084312129766
4.02479321975261,0.09716386836953461
4.028925450984389,0.09585084312129766
4.0330576822161674,0.09716386836953461
4.037189913447946,0.09585084312129766
4.041322144679725,0.09322479262482375
4.045454375911504,0.0945378178730607
4.049586607143283,0.09585084312129766
4.053718838375062,0.0945378178730607
4.057851069606841,0.09585084312129766
4.0619833008386195,0.09585084312129766
4.066115532070398,0.09716386836953461
4.070247763302177,0.09585084312129766
4.074379994533956,0.09585084312129766
4.078512225765735,0.0945378178730607
4.082644456997514,0.09585084312129766
4.086776688229293,0.09322479262482375
4.0909089194610715,0.0945378178730607
4.09504115069285,0.09585084312129766
4.099173381924629,0.09585084312129766
4.103305613156408,0.09716386836953461
4.107437844388187,0.09585084312129766
4.111570075619966,0.0945378178730607
4.115702306851745,0.09322479262482375
4.1198345380835235,0.0945378178730607
4.123966769315302,0.09585084312129766
4.128099000547081,0.0945378178730607
4.13223123177886,0.09585084312129766
4.136363463010639,0.09716386836953461
4.140495694242418,0.09322479262482375
4.144627925474197,0.0945378178730607
4.1487601567059755,0.09585084312129766
4.152892387937754,0.0945378178730607
4.157024619169533,0.09585084312129766
4.161156850401312,0.09585084312129766
4.165289081633091,0.09585084312129766
4.16942131286487,0.09585084312129766
4.173553544096649,0.0945378178730607
4.1776857753284276,0.0945378178730607
4.181818006560206,0.0945378178730607
4.185950237791985,0.09585084312129766
4.190082469023764,0.0945378178730607
4.194214700255543,0.09585084312129766
4.198346931487322,0.09585084312129766
4.202479162719101,0.09585084312129766
4.20661139395088,0.09585084312129766
4.210743625182658,0.09585084312129766
4.214875856414437,0.09585084312129766
4.219008087646216,0.09716386836953461
4.223140318877995,0.0945378178730607
4.227272550109774,0.0945378178730607
4.231404781341553,0.09585084312129766
4.235537012573332,0.09585084312129766
4.2396692438051105,0.09716386836953461
4.243801475036889,0.09585084312129766
4.247933706268668,0.0945378178730607
4.252065937500447,0.0945378178730607
4.256198168732226,0.0945378178730607
4.260330399964005,0.09322479262482375
4.264462631195784,0.09585084312129766
4.2685948624275625,0.0945378178730607
4.272727093659341,0.09585084312129766
4.27685932489112,0.09585084312129766
4.280991556122899,0.09585084312129766
4.285123787354678,0.09585084312129766
4.289256018586457,0.09585084312129766
4.293388249818236,0.09716386836953461
4.2975204810500145,0.09847689361777157
4.301652712281793,0.09716386836953461
4.305784943513572,0.09716386836953461
4.309917174745351,0.09585084312129766
4.31404940597713,0.09585084312129766
4.318181637208909,0.0945378178730607
4.322313868440688,0.0945378178730607
4.3264460996724665,0.09585084312129766
4.330578330904245,0.09585084312129766
4.334710562136024,0.0945378178730607
4.338842793367803,0.09585084312129766
4.342975024599582,0.09585084312129766
4.347107255831361,0.09716386836953461
4.35123948706314,0.09716386836953461
4.3553717182949185,0.09585084312129766
4.359503949526697,0.09585084312129766
4.363636180758476,0.0945378178730607
4.367768411990255,0.0945378178730607
4.371900643222034,0.09585084312129766
4.376032874453813,0.09585084312129766
4.380165105685592,0.0945378178730607
4.384297336917371,0.09585084312129766
4.388429568149149,0.0945378178730607
4.392561799380928,0.09585084312129766
4.396694030612707,0.09585084312129766
4.400826261844486,0.0945378178730607
4.404958493076265,0.0945378178730607
4.409090724308044,0.0945378178730607
4.413222955539823,0.0945378178730607
4.417355186771601,0.09716386836953461
4.42148741800338,0.09585084312129766
4.425619649235159,0.0945378178730607
4.429751880466938,0.09716386836953461
4.433884111698717,0.0945378178730607
4.438016342930496,0.09716386836953461
4.442148574162275,0.09716386836953461
4.4462808053940535,0.09585084312129766
4.450413036625832,0.09716386836953461
4.454545267857611,0.09585084312129766
4.45867749908939,0.0945378178730607
4.462809730321169,0.09716386836953461
4.466941961552948,0.09585084312129766
4.471074192784727,0.0945378178730607
4.4752064240165055,0.09585084312129766
4.479338655248284,0.0945378178730607
4.483470886480063,0.0945378178730607
4.487603117711842,0.09716386836953461
4.491735348943621,0.09585084312129766
4.4958675801754,0.09585084312129766
4.499999811407179,0.09585084312129766
4.5041320426389575,0.09585084312129766
4.508264273870736,0.09585084312129766
4.512396505102515,0.09585084312129766
4.516528736334294,0.0945378178730607
4.520660967566073,0.0945378178730607
4.524793198797852,0.09716386836953461
4.528925430029631,0.09585084312129766
4.5330576612614095,0.0945378178730607
4.537189892493188,0.09716386836953461
4.541322123724967,0.09585084312129766
4.545454354956746,0.09585084312129766
4.549586586188525,0.09585084312129766
4.553718817420304,0.09585084312129766
4.557851048652083,0.09585084312129766
4.5619832798838615,0.09716386836953461
4.56611551111564,0.09716386836953461
4.570247742347419,0.09585084312129766
4.574379973579198,0.09716386836953461
4.578512204810977,0.09585084312129766
4.582644436042756,0.09716386836953461
4.586776667274535,0.09847689361777157
4.590908898506314,0.09716386836953461
4.595041129738092,0.09716386836953461
4.599173360969871,0.09585084312129766
4.60330559220165,0.0945378178730607
4.607437823433429,0.09585084312129766
4.611570054665208,0.09585084312129766
4.615702285896987,0.09585084312129766
4.619834517128766,0.09716386836953461
4.623966748360544,0.09716386836953461
4.628098979592323,0.09716386836953461
4.632231210824102,0.09716386836953461
4.636363442055881,0.0945378178730607
4.64049567328766,0.09585084312129766
4.644627904519439,0.09585084312129766
4.648760135751218,0.09716386836953461
4.6528923669829965,0.09585084312129766
4.657024598214775,0.09716386836953461
4.661156829446554,0.09585084312129766
4.665289060678333,0.09847689361777157
4.669421291910112,0.09716386836953461
4.673553523141891,0.09585084312129766
4.67768575437367,0.09585084312129766
4.6818179856054485,0.09585084312129766
4.685950216837227,0.09585084312129766
4.690082448069006,0.09716386836953461
4.694214679300785,0.09716386836953461
4.698346910532564,0.09716386836953461
4.702479141764343,0.09716386836953461
4.706611372996122,0.09716386836953461
4.7107436042279005,0.09847689361777157
4.714875835459679,0.09716386836953461
4.719008066691458,0.09585084312129766
4.723140297923237,0.09716386836953461
4.727272529155016,0.09585084312129766
4.731404760386795,0.09716386836953461
4.735536991618574,0.09585084312129766
4.7396692228503525,0.09585084312129766
4.743801454082131,0.09585084312129766
4.74793368531391,0.09585084312129766
4.752065916545689,0.09585084312129766
4.756198147777468,0.09847689361777157
4.760330379009247,0.09847689361777157
4.764462610241026,0.09847689361777157
4.7685948414728045,0.09716386836953461
4.772727072704583,0.09716386836953461
4.776859303936362,0.09716386836953461
4.780991535168141,0.09716386836953461
4.78512376639992,0.09716386836953461
4.789255997631699,0.09585084312129766
4.793388228863478,0.09716386836953461
4.797520460095257,0.09716386836953461
4.801652691327035,0.09716386836953461
4.805784922558814,0.09716386836953461
4.809917153790593,0.0945378178730607
4.814049385022372,0.09585084312129766
4.818181616254151,0.0945378178730607
4.82231384748593,0.0945378178730607
4.826446078717709,0.09716386836953461
4.8305783099494874,0.09716386836953461
4.834710541181266,0.09716386836953461
4.838842772413045,0.09716386836953461
4.842975003644824,0.09978991886600852
4.847107234876603,0.09847689361777157
4.851239466108382,0.09716386836953461
4.855371697340161,0.09585084312129766
4.8595039285719395,0.09585084312129766
4.863636159803718,0.09716386836953461
4.867768391035497,0.09585084312129766
4.871900622267276,0.09716386836953461
4.876032853499055,0.09716386836953461
4.880165084730834,0.09716386836953461
4.884297315962613,0.09716386836953461
4.8884295471943915,0.09716386836953461
4.89256177842617,0.09585084312129766
4.896694009657949,0.09716386836953461
4.900826240889728,0.09716386836953461
4.904958472121507,0.09847689361777157
4.909090703353286,0.09716386836953461
4.913222934585065,0.09716386836953461
4.9173551658168435,0.09716386836953461
4.921487397048622,0.09847689361777157
4.925619628280401,0.09847689361777157
4.92975185951218,0.0945378178730607
4.933884090743959,0.09847689361777157
4.938016321975738,0.09716386836953461
4.942148553207517,0.09716386836953461
4.9462807844392955,0.09847689361777157
4.950413015671074,0.09847689361777157
4.954545246902853,0.09716386836953461
4.958677478134632,0.09716386836953461
4.962809709366411,0.09716386836953461
4.96694194059819,0.09585084312129766
4.971074171829969,0.09716386836953461
4.9752064030617476,0.09847689361777157
4.979338634293526,0.09847689361777157
4.983470865525305,0.09585084312129766
4.987603096757084,0.09716386836953461
4.991735327988863,0.09716386836953461
4.995867559220642,0.09585084312129766
4.999999790452421,0.09585084312129766
5.0041320216842,0.09716386836953461
5.008264252915978,0.09716386836953461
5.012396484147757,0.09716386836953461
5.016528715379536,0.09716386836953461
5.020660946611315,0.09847689361777157
5.024793177843094,0.09716386836953461
5.028925409074873,0.09716386836953461
5.033057640306652,0.09585084312129766
5.0371898715384305,0.09716386836953461
5.041322102770209,0.09847689361777157
5.045454334001988,0.09716386836953461
5.049586565233767,0.09847689361777157
5.053718796465546,0.09585084312129766
5.057851027697325,0.09716386836953461
5.061983258929104,0.09585084312129766
5.0661154901608825,0.09716386836953461
5.070247721392661,0.09847689361777157
5.07437995262444,0.09847689361777157
5.078512183856219,0.09847689361777157
5.082644415087998,0.09716386836953461
5.086776646319777,0.09585084312129766
5.090908877551556,0.09585084312129766
5.0950411087833345,0.09585084312129766
5.099173340015113,0.09585084312129766
5.103305571246892,0.09716386836953461
5.107437802478671,0.09847689361777157
5.11157003371045,0.09716386836953461
5.115702264942229,0.09847689361777157
5.119834496174008,0.09978991886600852
5.1239667274057865,0.09585084312129766
5.128098958637565,0.09847689361777157
5.132231189869344,0.09585084312129766
5.136363421101123,0.09716386836953461
5.140495652332902,0.09716386836953461
5.144627883564681,0.09585084312129766
5.14876011479646,0.09716386836953461
5.1528923460282385,0.09585084312129766
5.157024577260017,0.09716386836953461
5.161156808491796,0.09978991886600852
5.165289039723575,0.09716386836953461
5.169421270955354,0.09716386836953461
5.173553502187133,0.09585084312129766
5.177685733418912,0.09585084312129766
5.1818179646506906,0.09847689361777157
5.185950195882469,0.09716386836953461
5.190082427114248,0.09716386836953461
5.194214658346027,0.09716386836953461
5.198346889577806,0.09716386836953461
5.202479120809585,0.09716386836953461
5.206611352041364,0.09716386836953461
5.210743583273143,0.09585084312129766
5.214875814504921,0.09716386836953461
5.2190080457367,0.09716386836953461
5.223140276968479,0.09716386836953461
5.227272508200258,0.09716386836953461
5.231404739432037,0.09716386836953461
5.235536970663816,0.09847689361777157
5.239669201895595,0.09716386836953461
5.2438014331273735,0.09585084312129766
5.247933664359152,0.09716386836953461
5.252065895590931,0.09847689361777157
5.25619812682271,0.09716386836953461
5.260330358054489,0.09978991886600852
5.264462589286268,0.09716386836953461
5.268594820518047,0.09716386836953461
5.2727270517498255,0.09716386836953461
5.276859282981604,0.09716386836953461
5.280991514213383,0.09585084312129766
5.285123745445162,0.09716386836953461
5.289255976676941,0.09716386836953461
5.29338820790872,0.09716386836953461
5.297520439140499,0.09716386836953461
5.3016526703722775,0.09716386836953461
5.305784901604056,0.09716386836953461
5.309917132835835,0.09716386836953461
5.314049364067614,0.09585084312129766
5.318181595299393,0.09716386836953461
5.322313826531172,0.09847689361777157
5.326446057762951,0.09847689361777157
5.3305782889947295,0.09847689361777157
5.334710520226508,0.09847689361777157
5.338842751458287,0.09716386836953461
5.342974982690066,0.09847689361777157
5.347107213921845,0.09716386836953461
5.351239445153624,0.09585084312129766
5.355371676385403,0.09716386836953461
5.3595039076171815,0.09716386836953461
5.36363613884896,0.09716386836953461
5.367768370080739,0.09847689361777157
5.371900601312518,0.09585084312129766
5.376032832544297,0.09716386836953461
5.380165063776076,0.09585084312129766
5.384297295007855,0.09585084312129766
5.388429526239634,0.09716386836953461
5.392561757471412,0.09847689361777157
5.396693988703191,0.09847689361777157
5.40082621993497,0.09847689361777157
5.404958451166749,0.09847689361777157
5.409090682398528,0.09716386836953461
5.413222913630307,0.09716386836953461
5.417355144862086,0.09585084312129766
5.421487376093864,0.09585084312129766
5.425619607325643,0.09716386836953461
5.429751838557422,0.09847689361777157
5.433884069789201,0.09847689361777157
5.43801630102098,0.09847689361777157
5.442148532252759,0.09585084312129766
5.446280763484538,0.0945378178730607
5.4504129947163165,0.09585084312129766
5.454545225948095,0.09716386836953461
5.458677457179874,0.09847689361777157
5.462809688411653,0.09716386836953461
5.466941919643432,0.09716386836953461
5.471074150875211,0.09716386836953461
5.47520638210699,0.09847689361777157
5.4793386133387685,0.09716386836953461
5.483470844570547,0.09716386836953461
5.487603075802326,0.09716386836953461
5.491735307034105,0.09716386836953461
5.495867538265884,0.09847689361777157
5.499999769497663,0.09847689361777157
5.504132000729442,0.09716386836953461
5.5082642319612205,0.09716386836953461
5.512396463192999,0.09716386836953461
5.516528694424778,0.09716386836953461
5.520660925656557,0.09716386836953461
5.524793156888336,0.09716386836953461
5.528925388120115,0.09716386836953461
5.533057619351894,0.09716386836953461
5.5371898505836725,0.09716386836953461
5.541322081815451,0.09585084312129766
5.54545431304723,0.09716386836953461
5.549586544279009,0.09585084312129766
5.553718775510788,0.09716386836953461
5.557851006742567,0.09585084312129766
5.561983237974346,0.09716386836953461
5.5661154692061245,0.09716386836953461
5.570247700437903,0.09585084312129766
5.574379931669682,0.09716386836953461
5.578512162901461,0.09716386836953461
5.58264439413324,0.09585084312129766
5.586776625365019,0.09585084312129766
5.590908856596798,0.09716386836953461
5.595041087828577,0.09847689361777157
5.599173319060355,0.09716386836953461
5.603305550292134,0.09847689361777157
5.607437781523913,0.09716386836953461
5.611570012755692,0.09585084312129766
5.615702243987471,0.09716386836953461
5.61983447521925,0.09585084312129766
5.623966706451029,0.09585084312129766
5.6280989376828074,0.09716386836953461
5.632231168914586,0.09847689361777157
5.636363400146365,0.09585084312129766
5.640495631378144,0.0945378178730607
5.644627862609923,0.09585084312129766
5.648760093841702,0.09585084312129766
5.652892325073481,0.09585084312129766
5.6570245563052595,0.09716386836953461
5.661156787537038,0.09716386836953461
5.665289018768817,0.09847689361777157
5.669421250000596,0.09716386836953461
5.673553481232375,0.09585084312129766
5.677685712464154,0.0945378178730607
5.681817943695933,0.09585084312129766
5.6859501749277115,0.09585084312129766
5.69008240615949,0.09716386836953461
5.694214637391269,0.09585084312129766
5.698346868623048,0.09716386836953461
5.702479099854827,0.09716386836953461
5.706611331086606,0.09585084312129766
5.710743562318385,0.09716386836953461
5.7148757935501635,0.0945378178730607
5.719008024781942,0.0945378178730607
5.723140256013721,0.09585084312129766
5.7272724872455,0.09716386836953461
5.731404718477279,0.09716386836953461
5.735536949709058,0.09716386836953461
5.739669180940837,0.0945378178730607
5.7438014121726155,0.09585084312129766
5.747933643404394,0.09585084312129766
5.752065874636173,0.09585084312129766
5.756198105867952,0.09585084312129766
5.760330337099731,0.09716386836953461
5.76446256833151,0.09585084312129766
5.768594799563289,0.09716386836953461
5.7727270307950675,0.09585084312129766
5.776859262026846,0.09716386836953461
5.780991493258625,0.09585084312129766
5.785123724490404,0.09585084312129766
5.789255955722183,0.09585084312129766
5.793388186953962,0.09585084312129766
5.797520418185741,0.09585084312129766
5.80165264941752,0.09716386836953461
5.805784880649298,0.09716386836953461
5.809917111881077,0.09716386836953461
5.814049343112856,0.09585084312129766
5.818181574344635,0.09585084312129766
5.822313805576414,0.09716386836953461
5.826446036808193,0.09585084312129766
5.830578268039972,0.09585084312129766
5.8347104992717505,0.09585084312129766
5.838842730503529,0.09322479262482375
5.842974961735308,0.09716386836953461
5.847107192967087,0.09716386836953461
5.851239424198866,0.09716386836953461
5.855371655430645,0.09585084312129766
5.859503886662424,0.09585084312129766
5.8636361178942025,0.09585084312129766
5.867768349125981,0.09585084312129766
5.87190058035776,0.09585084312129766
5.876032811589539,0.09716386836953461
5.880165042821318,0.09716386836953461
5.884297274053097,0.09716386836953461
5.888429505284876,0.09585084312129766
5.8925617365166545,0.09716386836953461
5.896693967748433,0.09585084312129766
5.900826198980212,0.09716386836953461
5.904958430211991,0.09716386836953461
5.90909066144377,0.09585084312129766
5.913222892675549,0.09585084312129766
5.917355123907328,0.09716386836953461
5.9214873551391065,0.09585084312129766
5.925619586370885,0.09716386836953461
5.929751817602664,0.09585084312129766
5.933884048834443,0.09585084312129766
5.938016280066222,0.09585084312129766
5.942148511298001,0.09716386836953461
5.94628074252978,0.09716386836953461
5.9504129737615585,0.09716386836953461
5.954545204993337,0.09847689361777157
5.958677436225116,0.0945378178730607
5.962809667456895,0.0945378178730607
5.966941898688674,0.09585084312129766
5.971074129920453,0.09585084312129766
5.975206361152232,0.0945378178730607
5.9793385923840106,0.09716386836953461
5.983470823615789,0.09585084312129766
5.987603054847568,0.09585084312129766
5.991735286079347,0.09585084312129766
5.995867517311126,0.0945378178730607
5.999999748542905,0.09716386836953461
6.004131979774684,0.09585084312129766
6.008264211006463,0.09716386836953461
6.012396442238241,0.09716386836953461
6.01652867347002,0.09716386836953461
6.020660904701799,0.09585084312129766
6.024793135933578,0.09585084312129766
6.028925367165357,0.09585084312129766
6.033057598397136,0.09585084312129766
6.037189829628915,0.09585084312129766
6.0413220608606935,0.09585084312129766
6.045454292092472,0.09847689361777157
6.049586523324251,0.09716386836953461
6.05371875455603,0.09585084312129766
6.057850985787809,0.09585084312129766
6.061983217019588,0.09585084312129766
6.066115448251367,0.09585084312129766
6.0702476794831455,0.09585084312129766
6.074379910714924,0.09716386836953461
6.078512141946703,0.09716386836953461
6.082644373178482,0.09716386836953461
6.086776604410261,0.09716386836953461
6.09090883564204,0.09716386836953461
6.095041066873819,0.0945378178730607
6.0991732981055975,0.09585084312129766
6.103305529337376,0.09585084312129766
6.107437760569155,0.09585084312129766
6.111569991800934,0.09585084312129766
6.115702223032713,0.09585084312129766
6.119834454264492,0.09585084312129766
6.123966685496271,0.09585084312129766
6.1280989167280495,0.0945378178730607
6.132231147959828,0.09585084312129766
6.136363379191607,0.0945378178730607
6.140495610423386,0.09716386836953461
6.144627841655165,0.09585084312129766
6.148760072886944,0.09716386836953461
6.152892304118723,0.09847689361777157
6.1570245353505015,0.09716386836953461
6.16115676658228,0.09716386836953461
6.165288997814059,0.09716386836953461
6.169421229045838,0.09585084312129766
6.173553460277617,0.09585084312129766
6.177685691509396,0.09585084312129766
6.181817922741175,0.09716386836953461
6.185950153972954,0.09716386836953461
6.190082385204732,0.09585084312129766
6.194214616436511,0.09585084312129766
6.19834684766829,0.09585084312129766
6.202479078900069,0.09585084312129766
6.206611310131848,0.0945378178730607
6.210743541363627,0.09585084312129766
6.214875772595406,0.09585084312129766
6.219008003827184,0.09716386836953461
6.223140235058963,0.09716386836953461
6.227272466290742,0.09716386836953461
6.231404697522521,0.09716386836953461
6.2355369287543,0.09716386836953461
6.239669159986079,0.09585084312129766
6.243801391217858,0.09585084312129766
6.2479336224496365,0.09585084312129766
6.252065853681415,0.09716386836953461
6.256198084913194,0.09716386836953461
6.260330316144973,0.09585084312129766
6.264462547376752,0.09716386836953461
6.268594778608531,0.09585084312129766
6.27272700984031,0.09585084312129766
6.2768592410720885,0.09585084312129766
6.280991472303867,0.09585084312129766
6.285123703535646,0.0945378178730607
6.289255934767425,0.09585084312129766
6.293388165999204,0.09716386836953461
6.297520397230983,0.09585084312129766
6.301652628462762,0.09585084312129766
6.3057848596945405,0.09585084312129766
6.309917090926319,0.0945378178730607
6.314049322158098,0.09322479262482375
6.318181553389877,0.0945378178730607
6.322313784621656,0.09585084312129766
6.326446015853435,0.09585084312129766
6.330578247085214,0.09585084312129766
6.3347104783169925,0.09585084312129766
6.338842709548771,0.09716386836953461
6.34297494078055,0.09716386836953461
6.347107172012329,0.0945378178730607
6.351239403244108,0.09716386836953461
6.355371634475887,0.09585084312129766
6.359503865707666,0.09585084312129766
6.3636360969394445,0.09716386836953461
6.367768328171223,0.09585084312129766
6.371900559403002,0.09585084312129766
6.376032790634781,0.0945378178730607
6.38016502186656,0.09585084312129766
6.384297253098339,0.09585084312129766
6.388429484330118,0.09716386836953461
6.392561715561897,0.09585084312129766
6.396693946793675,0.09585084312129766
6.400826178025454,0.09716386836953461
6.404958409257233,0.09585084312129766
6.409090640489012,0.09716386836953461
6.413222871720791,0.09585084312129766
6.41735510295257,0.09716386836953461
6.421487334184349,0.0945378178730607
6.425619565416127,0.09716386836953461
6.429751796647906,0.09716386836953461
6.433884027879685,0.09585084312129766
6.438016259111464,0.09716386836953461
6.442148490343243,0.09716386836953461
6.446280721575022,0.09585084312129766
6.450412952806801,0.09322479262482375
6.4545451840385795,0.0945378178730607
6.458677415270358,0.0945378178730607
6.462809646502137,0.09585084312129766
6.466941877733916,0.09716386836953461
6.471074108965695,0.09585084312129766
6.475206340197474,0.09716386836953461
6.479338571429253,0.09585084312129766
6.4834708026610315,0.09585084312129766
6.48760303389281,0.09585084312129766
6.491735265124589,0.0945378178730607
6.495867496356368,0.09585084312129766
6.499999727588147,0.09585084312129766
6.504131958819926,0.09585084312129766
6.508264190051705,0.09585084312129766
6.5123964212834835,0.09585084312129766
6.516528652515262,0.0945378178730607
6.520660883747041,0.09585084312129766
6.52479311497882,0.09585084312129766
6.528925346210599,0.09585084312129766
6.533057577442378,0.09716386836953461
6.537189808674157,0.09585084312129766
6.5413220399059355,0.09716386836953461
6.545454271137714,0.0945378178730607
6.549586502369493,0.09716386836953461
6.553718733601272,0.09716386836953461
6.557850964833051,0.09585084312129766
6.56198319606483,0.09585084312129766
6.566115427296609,0.09585084312129766
6.5702476585283875,0.09716386836953461
6.574379889760166,0.09585084312129766
6.578512120991945,0.09716386836953461
6.582644352223724,0.09716386836953461
6.586776583455503,0.09585084312129766
6.590908814687282,0.09716386836953461
6.595041045919061,0.09716386836953461
6.59917327715084,0.0945378178730607
6.603305508382618,0.09716386836953461
6.607437739614397,0.09585084312129766
6.611569970846176,0.09585084312129766
6.615702202077955,0.09716386836953461
6.619834433309734,0.09585084312129766
6.623966664541513,0.09716386836953461
6.628098895773292,0.09585084312129766
6.6322311270050704,0.09585084312129766
6.636363358236849,0.09716386836953461
6.640495589468628,0.09716386836953461
6.644627820700407,0.09585084312129766
6.648760051932186,0.09716386836953461
6.652892283163965,0.09585084312129766
6.657024514395744,0.0945378178730607
6.6611567456275225,0.0945378178730607
6.665288976859301,0.09585084312129766
6.66942120809108,0.09585084312129766
6.673553439322859,0.09716386836953461
6.677685670554638,0.09716386836953461
6.681817901786417,0.09585084312129766
6.685950133018196,0.09585084312129766
6.6900823642499745,0.09847689361777157
6.694214595481753,0.09716386836953461
6.698346826713532,0.09585084312129766
6.702479057945311,0.09585084312129766
6.70661128917709,0.09585084312129766
6.710743520408869,0.09585084312129766
6.714875751640648,0.09716386836953461
6.7190079828724265,0.09847689361777157
6.723140214104205,0.09716386836953461
6.727272445335984,0.09585084312129766
6.731404676567763,0.09585084312129766
6.735536907799542,0.09716386836953461
6.739669139031321,0.09585084312129766
6.7438013702631,0.09716386836953461
6.7479336014948785,0.09716386836953461
6.752065832726657,0.09585084312129766
6.756198063958436,0.09585084312129766
6.760330295190215,0.09716386836953461
6.764462526421994,0.09585084312129766
6.768594757653773,0.09716386836953461
6.772726988885552,0.09716386836953461
6.7768592201173306,0.09585084312129766
6.780991451349109,0.09585084312129766
6.785123682580888,0.09585084312129766
6.789255913812667,0.09716386836953461
6.793388145044446,0.09716386836953461
6.797520376276225,0.09716386836953461
6.801652607508004,0.09716386836953461
6.805784838739783,0.09585084312129766
6.809917069971561,0.09585084312129766
6.81404930120334,0.09716386836953461
6.818181532435119,0.09716386836953461
6.822313763666898,0.09716386836953461
6.826445994898677,0.09716386836953461
6.830578226130456,0.09716386836953461
6.834710457362235,0.09716386836953461
6.8388426885940135,0.09716386836953461
6.842974919825792,0.09716386836953461
6.847107151057571,0.09716386836953461
6.85123938228935,0.09716386836953461
6.855371613521129,0.09847689361777157
6.859503844752908,0.09716386836953461
6.863636075984687,0.09716386836953461
6.8677683072164655,0.09585084312129766
6.871900538448244,0.09585084312129766
6.876032769680023,0.09585084312129766
6.880165000911802,0.09585084312129766
6.884297232143581,0.09585084312129766
6.88842946337536,0.09716386836953461
6.892561694607139,0.09716386836953461
6.8966939258389175,0.09847689361777157
6.900826157070696,0.09847689361777157
6.904958388302475,0.09585084312129766
6.909090619534254,0.09716386836953461
6.913222850766033,0.09585084312129766
6.917355081997812,0.09716386836953461
6.921487313229591,0.09716386836953461
6.9256195444613695,0.09585084312129766
6.929751775693148,0.09847689361777157
6.933884006924927,0.09716386836953461
6.938016238156706,0.09716386836953461
6.942148469388485,0.09585084312129766
6.946280700620264,0.09716386836953461
6.950412931852043,0.09716386836953461
6.9545451630838215,0.09716386836953461
6.9586773943156,0.09585084312129766
6.962809625547379,0.09585084312129766
6.966941856779158,0.09585084312129766
6.971074088010937,0.09716386836953461
6.975206319242716,0.09716386836953461
6.979338550474495,0.09847689361777157
6.9834707817062736,0.09847689361777157
6.987603012938052,0.09585084312129766
6.991735244169831,0.09585084312129766
6.99586747540161,0.09585084312129766
6.999999706633389,0.09716386836953461
7.004131937865168,0.09716386836953461
7.008264169096947,0.09716386836953461
7.012396400328726,0.09716386836953461
7.016528631560504,0.09716386836953461
7.020660862792283,0.09585084312129766
7.024793094024062,0.09585084312129766
7.028925325255841,0.09716386836953461
7.03305755648762,0.09716386836953461
7.037189787719399,0.09847689361777157
7.041322018951178,0.09716386836953461
7.0454542501829565,0.09716386836953461
7.049586481414735,0.09716386836953461
7.053718712646514,0.09716386836953461
7.057850943878293,0.09716386836953461
7.061983175110072,0.09585084312129766
7.066115406341851,0.09585084312129766
7.07024763757363,0.0945378178730607
7.0743798688054085,0.0945378178730607
7.078512100037187,0.0945378178730607
7.082644331268966,0.09585084312129766
7.086776562500745,0.09585084312129766
7.090908793732524,0.09716386836953461
7.095041024964303,0.09585084312129766
7.099173256196082,0.09716386836953461
7.1033054874278605,0.09585084312129766
7.107437718659639,0.09585084312129766
7.111569949891418,0.09585084312129766
7.115702181123197,0.09716386836953461
7.119834412354976,0.09585084312129766
7.123966643586755,0.09716386836953461
7.128098874818534,0.09716386836953461
7.1322311060503125,0.09585084312129766
7.136363337282091,0.0945378178730607
7.14049556851387,0.09585084312129766
7.144627799745649,0.09716386836953461
7.148760030977428,0.09585084312129766
7.152892262209207,0.09716386836953461
7.157024493440986,0.09716386836953461
7.1611567246727645,0.09716386836953461
7.165288955904543,0.09585084312129766
7.169421187136322,0.09847689361777157
7.173553418368101,0.09585084312129766
7.17768564959988,0.09585084312129766
7.181817880831659,0.09716386836953461
7.185950112063438,0.09847689361777157
7.190082343295217,0.09716386836953461
7.194214574526995,0.09716386836953461
7.198346805758774,0.09716386836953461
7.202479036990553,0.09585084312129766
7.206611268222332,0.09716386836953461
7.210743499454111,0.0945378178730607
7.21487573068589,0.09585084312129766
7.219007961917669,0.09716386836953461
7.223140193149447,0.0945378178730607
7.227272424381226,0.09585084312129766
7.231404655613005,0.09716386836953461
7.235536886844784,0.09585084312129766
7.239669118076563,0.09716386836953461
7.243801349308342,0.09716386836953461
7.247933580540121,0.09716386836953461
7.2520658117718995,0.09585084312129766
7.256198043003678,0.09585084312129766
7.260330274235457,0.09716386836953461
7.264462505467236,0.09716386836953461
7.268594736699015,0.09585084312129766
7.272726967930794,0.09585084312129766
7.276859199162573,0.09585084312129766
7.2809914303943515,0.09716386836953461
7.28512366162613,0.09585084312129766
7.289255892857909,0.09585084312129766
7.293388124089688,0.09716386836953461
7.297520355321467,0.09585084312129766
7.301652586553246,0.09716386836953461
7.305784817785025,0.09585084312129766
7.3099170490168035,0.09716386836953461
7.314049280248582,0.09716386836953461
7.318181511480361,0.0945378178730607
7.32231374271214,0.09716386836953461
7.326445973943919,0.09847689361777157
7.330578205175698,0.09716386836953461
7.334710436407477,0.09847689361777157
7.3388426676392555,0.09716386836953461
7.342974898871034,0.09716386836953461
7.347107130102813,0.09716386836953461
7.351239361334592,0.09585084312129766
7.355371592566371,0.0945378178730607
7.35950382379815,0.09585084312129766
7.363636055029929,0.09716386836953461
7.3677682862617075,0.09716386836953461
7.371900517493486,0.09716386836953461
7.376032748725265,0.09585084312129766
7.380164979957044,0.09716386836953461
7.384297211188823,0.09716386836953461
7.388429442420602,0.09716386836953461
7.392561673652381,0.09716386836953461
7.39669390488416,0.09716386836953461
7.400826136115938,0.09716386836953461
7.404958367347717,0.09716386836953461
7.409090598579496,0.09716386836953461
7.413222829811275,0.09716386836953461
7.417355061043054,0.09716386836953461
7.421487292274833,0.09716386836953461
7.425619523506612,0.0945378178730607
7.4297517547383904,0.09716386836953461
7.433883985970169,0.0945378178730607
7.438016217201948,0.09585084312129766
7.442148448433727,0.09847689361777157
7.446280679665506,0.09847689361777157
7.450412910897285,0.09716386836953461
7.454545142129064,0.09585084312129766
7.4586773733608425,0.09716386836953461
7.462809604592621,0.09585084312129766
7.4669418358244,0.09716386836953461
7.471074067056179,0.09716386836953461
7.475206298287958,0.09716386836953461
7.479338529519737,0.09847689361777157
7.483470760751516,0.09716386836953461
7.4876029919832945,0.09585084312129766
7.491735223215073,0.09585084312129766
7.495867454446852,0.09585084312129766
7.499999685678631,0.09716386836953461
7.50413191691041,0.09716386836953461
7.508264148142189,0.09716386836953461
7.512396379373968,0.09716386836953461
7.5165286106057465,0.09716386836953461
7.520660841837525,0.09716386836953461
7.524793073069304,0.09716386836953461
7.528925304301083,0.09716386836953461
7.533057535532862,0.09716386836953461
7.537189766764641,0.09716386836953461
7.54132199799642,0.09716386836953461
7.5454542292281985,0.09716386836953461
7.549586460459977,0.09585084312129766
7.553718691691756,0.09716386836953461
7.557850922923535,0.09585084312129766
7.561983154155314,0.09716386836953461
7.566115385387093,0.09585084312129766
7.570247616618872,0.09585084312129766
7.5743798478506505,0.09716386836953461
7.578512079082429,0.09716386836953461
7.582644310314208,0.09716386836953461
7.586776541545987,0.09847689361777157
7.590908772777766,0.09716386836953461
7.595041004009545,0.09716386836953461
7.599173235241324,0.09716386836953461
7.603305466473103,0.09716386836953461
7.607437697704881,0.09716386836953461
7.61156992893666,0.09716386836953461
7.615702160168439,0.09585084312129766
7.619834391400218,0.0945378178730607
7.623966622631997,0.09716386836953461
7.628098853863776,0.09585084312129766
7.632231085095555,0.09716386836953461
7.6363633163273335,0.09585084312129766
7.640495547559112,0.09585084312129766
7.644627778790891,0.09716386836953461
7.64876001002267,0.09585084312129766
7.652892241254449,0.09585084312129766
7.657024472486228,0.09716386836953461
7.661156703718007,0.09716386836953461
7.6652889349497855,0.09716386836953461
7.669421166181564,0.09847689361777157
7.673553397413343,0.09716386836953461
7.677685628645122,0.09585084312129766
7.681817859876901,0.09585084312129766
7.68595009110868,0.09716386836953461
7.690082322340459,0.09716386836953461
7.6942145535722375,0.09716386836953461
7.698346784804016,0.09847689361777157
7.702479016035795,0.09716386836953461
7.706611247267574,0.09716386836953461
7.710743478499353,0.09716386836953461
7.714875709731132,0.09716386836953461
7.719007940962911,0.09716386836953461
7.7231401721946895,0.09716386836953461
7.727272403426468,0.09716386836953461
7.731404634658247,0.09716386836953461
7.735536865890026,0.09716386836953461
7.739669097121805,0.09716386836953461
7.743801328353584,0.09716386836953461
7.747933559585363,0.09585084312129766
7.7520657908171415,0.09716386836953461
7.75619802204892,0.09716386836953461
7.760330253280699,0.09585084312129766
7.764462484512478,0.09585084312129766
7.768594715744257,0.09585084312129766
7.772726946976036,0.09716386836953461
7.776859178207815,0.09716386836953461
7.7809914094395936,0.09716386836953461
7.785123640671372,0.09716386836953461
7.789255871903151,0.09847689361777157
7.79338810313493,0.09716386836953461
7.797520334366709,0.09716386836953461
7.801652565598488,0.09716386836953461
7.805784796830267,0.09847689361777157
7.809917028062046,0.09716386836953461
7.814049259293824,0.09716386836953461
7.818181490525603,0.09716386836953461
7.822313721757382,0.09716386836953461
7.826445952989161,0.09716386836953461
7.83057818422094,0.09585084312129766
7.834710415452719,0.09716386836953461
7.838842646684498,0.09585084312129766
7.8429748779162765,0.09847689361777157
7.847107109148055,0.09716386836953461
7.851239340379834,0.09716386836953461
7.855371571611613,0.09716386836953461
7.859503802843392,0.09585084312129766
7.863636034075171,0.09716386836953461
7.86776826530695,0.09716386836953461
7.8719004965387285,0.09716386836953461
7.876032727770507,0.09847689361777157
7.880164959002286,0.09716386836953461
7.884297190234065,0.09978991886600852
7.888429421465844,0.09716386836953461
7.892561652697623,0.09847689361777157
7.896693883929402,0.09716386836953461
7.9008261151611805,0.09716386836953461
7.904958346392959,0.09585084312129766
7.909090577624738,0.09716386836953461
7.913222808856517,0.09585084312129766
7.917355040088296,0.09585084312129766
7.921487271320075,0.09585084312129766
7.925619502551854,0.09585084312129766
7.9297517337836325,0.09847689361777157
7.933883965015411,0.09716386836953461
7.93801619624719,0.09847689361777157
7.942148427478969,0.09716386836953461
7.946280658710748,0.09716386836953461
7.950412889942527,0.09716386836953461
7.954545121174306,0.09585084312129766
7.9586773524060845,0.09716386836953461
7.962809583637863,0.09716386836953461
7.966941814869642,0.09716386836953461
7.971074046101421,0.09585084312129766
7.9752062773332,0.09716386836953461
7.979338508564979,0.09585084312129766
7.983470739796758,0.09716386836953461
7.987602971028537,0.09585084312129766
7.991735202260315,0.09847689361777157
7.995867433492094,0.09847689361777157
7.999999664723873,0.09716386836953461
8.004131895955652,0.09716386836953461
8.00826412718743,0.09585084312129766
8.01239635841921,0.09847689361777157
8.016528589650989,0.09716386836953461
8.020660820882767,0.09585084312129766
8.024793052114546,0.09716386836953461
8.028925283346325,0.09716386836953461
8.033057514578104,0.09585084312129766
8.037189745809883,0.09585084312129766
8.041321977041662,0.09716386836953461
8.04545420827344,0.09716386836953461
8.04958643950522,0.09585084312129766
8.053718670736998,0.09585084312129766
8.057850901968777,0.09585084312129766
8.061983133200556,0.09847689361777157
8.066115364432335,0.09585084312129766
8.070247595664114,0.09716386836953461
8.074379826895893,0.09716386836953461
8.078512058127671,0.09716386836953461
8.08264428935945,0.09847689361777157
8.08677652059123,0.09585084312129766
8.090908751823008,0.09716386836953461
8.095040983054787,0.09716386836953461
8.099173214286566,0.09716386836953461
8.103305445518345,0.09716386836953461
8.107437676750124,0.09716386836953461
8.111569907981902,0.09585084312129766
8.115702139213681,0.09716386836953461
8.11983437044546,0.09716386836953461
8.123966601677239,0.09716386836953461
8.128098832909018,0.09585084312129766
8.132231064140797,0.09585084312129766
8.136363295372576,0.09716386836953461
8.140495526604354,0.09716386836953461
8.144627757836133,0.09716386836953461
8.148759989067912,0.09585084312129766
8.152892220299691,0.09585084312129766
8.15702445153147,0.09585084312129766
8.161156682763249,0.0945378178730607
8.165288913995028,0.09716386836953461
8.169421145226806,0.09716386836953461
8.173553376458585,0.09716386836953461
8.177685607690364,0.09716386836953461
8.181817838922143,0.09716386836953461
8.185950070153922,0.09716386836953461
8.1900823013857,0.09585084312129766
8.19421453261748,0.09585084312129766
8.198346763849258,0.09585084312129766
8.202478995081037,0.09585084312129766
8.206611226312816,0.09716386836953461
8.210743457544595,0.09585084312129766
8.214875688776374,0.09716386836953461
8.219007920008153,0.09716386836953461
8.223140151239932,0.09847689361777157
8.22727238247171,0.09716386836953461
8.23140461370349,0.09585084312129766
8.235536844935268,0.09585084312129766
8.239669076167047,0.09716386836953461
8.243801307398826,0.09716386836953461
8.247933538630605,0.09716386836953461
8.252065769862384,0.09716386836953461
8.256198001094162,0.09585084312129766
8.260330232325941,0.09716386836953461
8.26446246355772,0.09716386836953461
8.268594694789499,0.09585084312129766
8.272726926021278,0.09716386836953461
8.276859157253057,0.09716386836953461
8.280991388484836,0.09585084312129766
8.285123619716614,0.09716386836953461
8.289255850948393,0.09716386836953461
8.293388082180172,0.09585084312129766
8.297520313411951,0.09716386836953461
8.30165254464373,0.09847689361777157
8.305784775875509,0.09585084312129766
8.309917007107288,0.09585084312129766
8.314049238339067,0.09716386836953461
8.318181469570845,0.09585084312129766
8.322313700802624,0.09585084312129766
8.326445932034403,0.09585084312129766
8.330578163266182,0.09585084312129766
8.33471039449796,0.09716386836953461
8.33884262572974,0.09585084312129766
8.342974856961519,0.09716386836953461
8.347107088193297,0.09716386836953461
8.351239319425076,0.09847689361777157
8.355371550656855,0.09716386836953461
8.359503781888634,0.09716386836953461
8.363636013120413,0.09716386836953461
8.367768244352192,0.09716386836953461
8.37190047558397,0.09716386836953461
8.37603270681575,0.09585084312129766
8.380164938047528,0.09716386836953461
8.384297169279307,0.09585084312129766
8.388429400511086,0.0945378178730607
8.392561631742865,0.09716386836953461
8.396693862974644,0.09716386836953461
8.400826094206423,0.09585084312129766
8.404958325438201,0.09716386836953461
8.40909055666998,0.09716386836953461
8.41322278790176,0.09585084312129766
8.417355019133538,0.09716386836953461
8.421487250365317,0.09716386836953461
8.425619481597096,0.09585084312129766
8.429751712828875,0.09716386836953461
8.433883944060653,0.09585084312129766
8.438016175292432,0.09716386836953461
8.442148406524211,0.09716386836953461
8.44628063775599,0.09716386836953461
8.450412868987769,0.09585084312129766
8.454545100219548,0.09585084312129766
8.458677331451327,0.09716386836953461
8.462809562683105,0.0945378178730607
8.466941793914884,0.09585084312129766
8.471074025146663,0.09585084312129766
8.475206256378442,0.09585084312129766
8.479338487610221,0.09716386836953461
8.483470718842,0.09716386836953461
8.487602950073779,0.09716386836953461
8.491735181305557,0.09716386836953461
8.495867412537336,0.09716386836953461
8.499999643769115,0.09716386836953461
8.504131875000894,0.09847689361777157
8.508264106232673,0.09585084312129766
8.512396337464452,0.09716386836953461
8.51652856869623,0.09585084312129766
8.52066079992801,0.09585084312129766
8.524793031159788,0.09716386836953461
8.528925262391567,0.09847689361777157
8.533057493623346,0.09716386836953461
8.537189724855125,0.09585084312129766
8.541321956086904,0.09716386836953461
8.545454187318683,0.09716386836953461
8.549586418550462,0.09585084312129766
8.55371864978224,0.09716386836953461
8.55785088101402,0.09847689361777157
8.561983112245798,0.09716386836953461
8.566115343477577,0.09716386836953461
8.570247574709356,0.09716386836953461
8.574379805941135,0.0945378178730607
8.578512037172914,0.09716386836953461
8.582644268404692,0.09716386836953461
8.586776499636471,0.09716386836953461
8.59090873086825,0.09716386836953461
8.595040962100029,0.09716386836953461
8.599173193331808,0.09585084312129766
8.603305424563587,0.09716386836953461
8.607437655795366,0.09847689361777157
8.611569887027144,0.09716386836953461
8.615702118258923,0.09585084312129766
8.619834349490702,0.09716386836953461
8.623966580722481,0.09716386836953461
8.62809881195426,0.09716386836953461
8.632231043186039,0.09847689361777157
8.636363274417818,0.09716386836953461
8.640495505649596,0.09716386836953461
8.644627736881375,0.09716386836953461
8.648759968113154,0.09585084312129766
8.652892199344933,0.09585084312129766
8.657024430576712,0.09716386836953461
8.66115666180849,0.09716386836953461
8.66528889304027,0.09847689361777157
8.669421124272048,0.09847689361777157
8.673553355503827,0.09716386836953461
8.677685586735606,0.09847689361777157
8.681817817967385,0.09716386836953461
8.685950049199164,0.09585084312129766
8.690082280430943,0.09716386836953461
8.694214511662722,0.09716386836953461
8.6983467428945,0.09716386836953461
8.70247897412628,0.09716386836953461
8.706611205358058,0.09716386836953461
8.710743436589837,0.09847689361777157
8.714875667821616,0.09716386836953461
8.719007899053395,0.09716386836953461
8.723140130285174,0.09585084312129766
8.727272361516953,0.09716386836953461
8.731404592748731,0.09585084312129766
8.73553682398051,0.09716386836953461
8.739669055212289,0.09716386836953461
8.743801286444068,0.09716386836953461
8.747933517675847,0.09585084312129766
8.752065748907626,0.09585084312129766
8.756197980139405,0.09585084312129766
8.760330211371183,0.09716386836953461
8.764462442602962,0.09716386836953461
8.768594673834741,0.09847689361777157
8.77272690506652,0.09847689361777157
8.776859136298299,0.09716386836953461
8.780991367530078,0.09847689361777157
8.785123598761857,0.09716386836953461
8.789255829993635,0.09716386836953461
8.793388061225414,0.09716386836953461
8.797520292457193,0.09716386836953461
8.801652523688972,0.09716386836953461
8.80578475492075,0.09585084312129766
8.80991698615253,0.09847689361777157
8.814049217384309,0.09585084312129766
8.818181448616087,0.09585084312129766
8.822313679847866,0.09585084312129766
8.826445911079645,0.09585084312129766
8.830578142311424,0.09585084312129766
8.834710373543203,0.09716386836953461
8.838842604774982,0.09847689361777157
8.84297483600676,0.09847689361777157
8.84710706723854,0.09847689361777157
8.851239298470318,0.09716386836953461
8.855371529702097,0.09585084312129766
8.859503760933876,0.09585084312129766
8.863635992165655,0.09847689361777157
8.867768223397434,0.09716386836953461
8.871900454629213,0.09716386836953461
8.876032685860991,0.09585084312129766
8.88016491709277,0.09585084312129766
8.88429714832455,0.09585084312129766
8.888429379556328,0.09716386836953461
8.892561610788107,0.09716386836953461
8.896693842019886,0.09716386836953461
8.900826073251665,0.09716386836953461
8.904958304483443,0.09585084312129766
8.909090535715222,0.09716386836953461
8.913222766947001,0.09716386836953461
8.91735499817878,0.09716386836953461
8.921487229410559,0.09716386836953461
8.925619460642338,0.09585084312129766
8.929751691874117,0.09716386836953461
8.933883923105896,0.09585084312129766
8.938016154337674,0.09716386836953461
8.942148385569453,0.09585084312129766
8.946280616801232,0.09716386836953461
8.950412848033011,0.09716386836953461
8.95454507926479,0.09585084312129766
8.958677310496569,0.09716386836953461
8.962809541728348,0.09716386836953461
8.966941772960126,0.09847689361777157
8.971074004191905,0.09585084312129766
8.975206235423684,0.09585084312129766
8.979338466655463,0.09716386836953461
8.983470697887242,0.09716386836953461
8.98760292911902,0.09716386836953461
8.9917351603508,0.09585084312129766
8.995867391582578,0.09716386836953461
8.999999622814357,0.09585084312129766
9.004131854046136,0.09716386836953461
9.008264085277915,0.09585084312129766
9.012396316509694,0.09585084312129766
9.016528547741473,0.09716386836953461
9.020660778973252,0.09716386836953461
9.02479301020503,0.09585084312129766
9.02892524143681,0.09847689361777157
9.033057472668588,0.0945378178730607
9.037189703900367,0.09585084312129766
9.041321935132146,0.09716386836953461
9.045454166363925,0.09716386836953461
9.049586397595704,0.09978991886600852
9.053718628827482,0.09716386836953461
9.057850860059261,0.09716386836953461
9.06198309129104,0.09716386836953461
9.066115322522819,0.09585084312129766
9.070247553754598,0.09716386836953461
9.074379784986377,0.09716386836953461
9.078512016218156,0.09585084312129766
9.082644247449934,0.09716386836953461
9.086776478681713,0.09716386836953461
9.090908709913492,0.09716386836953461
9.095040941145271,0.09716386836953461
9.09917317237705,0.09716386836953461
9.103305403608829,0.09716386836953461
9.107437634840608,0.09716386836953461
9.111569866072387,0.09585084312129766
9.115702097304165,0.09716386836953461
9.119834328535944,0.09585084312129766
9.123966559767723,0.09716386836953461
9.128098790999502,0.09716386836953461
9.13223102223128,0.09847689361777157
9.13636325346306,0.09847689361777157
9.140495484694839,0.09585084312129766
9.144627715926617,0.09716386836953461
9.148759947158396,0.09716386836953461
9.152892178390175,0.09716386836953461
9.157024409621954,0.09716386836953461
9.161156640853733,0.09716386836953461
9.165288872085512,0.09716386836953461
9.16942110331729,0.09585084312129766
9.17355333454907,0.09716386836953461
9.177685565780848,0.09716386836953461
9.181817797012627,0.09847689361777157
9.185950028244406,0.09716386836953461
9.190082259476185,0.09716386836953461
9.194214490707964,0.09716386836953461
9.198346721939743,0.09716386836953461
9.202478953171521,0.09716386836953461
9.2066111844033,0.09585084312129766
9.21074341563508,0.09716386836953461
9.214875646866858,0.09847689361777157
9.219007878098637,0.09847689361777157
9.223140109330416,0.09978991886600852
9.227272340562195,0.09716386836953461
9.231404571793973,0.09585084312129766
9.235536803025752,0.09716386836953461
9.239669034257531,0.09847689361777157
9.24380126548931,0.09716386836953461
9.247933496721089,0.09716386836953461
9.252065727952868,0.09847689361777157
9.256197959184647,0.09716386836953461
9.260330190416425,0.09716386836953461
9.264462421648204,0.09585084312129766
9.268594652879983,0.09585084312129766
9.272726884111762,0.09585084312129766
9.276859115343541,0.09716386836953461
9.28099134657532,0.09716386836953461
9.285123577807099,0.09847689361777157
9.289255809038877,0.09585084312129766
9.293388040270656,0.09716386836953461
9.297520271502435,0.09585084312129766
9.301652502734214,0.09585084312129766
9.305784733965993,0.09585084312129766
9.309916965197772,0.09716386836953461
9.31404919642955,0.09716386836953461
9.31818142766133,0.09716386836953461
9.322313658893108,0.09585084312129766
9.326445890124887,0.09585084312129766
9.330578121356666,0.09716386836953461
9.334710352588445,0.09585084312129766
9.338842583820224,0.09716386836953461
9.342974815052003,0.09847689361777157
9.347107046283782,0.09847689361777157
9.35123927751556,0.09716386836953461
9.35537150874734,0.0945378178730607
9.359503739979118,0.09585084312129766
9.363635971210897,0.09585084312129766
9.367768202442676,0.09585084312129766
9.371900433674455,0.09716386836953461
9.376032664906234,0.09716386836953461
9.380164896138012,0.09716386836953461
9.384297127369791,0.09585084312129766
9.38842935860157,0.09585084312129766
9.392561589833349,0.09585084312129766
9.396693821065128,0.09716386836953461
9.400826052296907,0.09847689361777157
9.404958283528686,0.09585084312129766
9.409090514760464,0.0945378178730607
9.413222745992243,0.09585084312129766
9.417354977224022,0.09716386836953461
9.421487208455801,0.09585084312129766
9.42561943968758,0.09716386836953461
9.429751670919359,0.09716386836953461
9.433883902151138,0.09716386836953461
9.438016133382916,0.09716386836953461
9.442148364614695,0.09585084312129766
9.446280595846474,0.09847689361777157
9.450412827078253,0.0945378178730607
9.454545058310032,0.09585084312129766
9.45867728954181,0.09716386836953461
9.46280952077359,0.09716386836953461
9.466941752005368,0.09716386836953461
9.471073983237147,0.09716386836953461
9.475206214468926,0.09585084312129766
9.479338445700705,0.09585084312129766
9.483470676932484,0.09585084312129766
9.487602908164263,0.09585084312129766
9.491735139396042,0.09585084312129766
9.49586737062782,0.09585084312129766
9.4999996018596,0.09716386836953461
9.504131833091378,0.09716386836953461
9.508264064323157,0.09585084312129766
9.512396295554936,0.09585084312129766
9.516528526786715,0.09585084312129766
9.520660758018494,0.09716386836953461
9.524792989250273,0.09847689361777157
9.528925220482051,0.09716386836953461
9.53305745171383,0.09847689361777157
9.537189682945609,0.09716386836953461
9.541321914177388,0.09716386836953461
9.545454145409167,0.09585084312129766
9.549586376640946,0.09585084312129766
9.553718607872725,0.09585084312129766
9.557850839104503,0.09716386836953461
9.561983070336282,0.09716386836953461
9.566115301568061,0.09716386836953461
9.57024753279984,0.09716386836953461
9.574379764031619,0.09585084312129766
9.578511995263398,0.09585084312129766
9.582644226495177,0.0945378178730607
9.586776457726955,0.09716386836953461
9.590908688958734,0.09716386836953461
9.595040920190513,0.09716386836953461
9.599173151422292,0.09716386836953461
9.60330538265407,0.09716386836953461
9.60743761388585,0.09716386836953461
9.611569845117629,0.09716386836953461
9.615702076349407,0.09585084312129766
9.619834307581186,0.09585084312129766
9.623966538812965,0.09585084312129766
9.628098770044744,0.09716386836953461
9.632231001276523,0.09585084312129766
9.636363232508302,0.09716386836953461
9.64049546374008,0.09585084312129766
9.64462769497186,0.09585084312129766
9.648759926203638,0.09716386836953461
9.652892157435417,0.09585084312129766
9.657024388667196,0.09716386836953461
9.661156619898975,0.09716386836953461
9.665288851130754,0.09716386836953461
9.669421082362533,0.09978991886600852
9.673553313594311,0.09716386836953461
9.67768554482609,0.09716386836953461
9.68181777605787,0.09585084312129766
9.685950007289648,0.09585084312129766
9.690082238521427,0.09716386836953461
9.694214469753206,0.09716386836953461
9.698346700984985,0.09716386836953461
9.702478932216763,0.09847689361777157
9.706611163448542,0.09716386836953461
9.710743394680321,0.09716386836953461
9.7148756259121,0.09585084312129766
9.719007857143879,0.09585084312129766
9.723140088375658,0.09716386836953461
9.727272319607437,0.09716386836953461
9.731404550839216,0.09847689361777157
9.735536782070994,0.09585084312129766
9.739669013302773,0.09585084312129766
9.743801244534552,0.09716386836953461
9.747933475766331,0.09716386836953461
9.75206570699811,0.09585084312129766
9.756197938229889,0.09585084312129766
9.760330169461668,0.09716386836953461
9.764462400693446,0.09716386836953461
9.768594631925225,0.09847689361777157
9.772726863157004,0.09716386836953461
9.776859094388783,0.09585084312129766
9.780991325620562,0.09716386836953461
9.78512355685234,0.09716386836953461
9.78925578808412,0.09716386836953461
9.793388019315898,0.09716386836953461
9.797520250547677,0.09585084312129766
9.801652481779456,0.09716386836953461
9.805784713011235,0.09716386836953461
9.809916944243014,0.09847689361777157
9.814049175474793,0.09847689361777157
9.818181406706572,0.09716386836953461
9.82231363793835,0.09585084312129766
9.82644586917013,0.09585084312129766
9.830578100401908,0.09716386836953461
9.834710331633687,0.09716386836953461
9.838842562865466,0.09716386836953461
9.842974794097245,0.09716386836953461
9.847107025329024,0.09847689361777157
9.851239256560802,0.09716386836953461
9.855371487792581,0.09716386836953461
9.85950371902436,0.09716386836953461
9.863635950256139,0.09716386836953461
9.867768181487918,0.09716386836953461
9.871900412719697,0.09978991886600852
9.876032643951476,0.09847689361777157
9.880164875183254,0.09716386836953461
9.884297106415033,0.09847689361777157
9.888429337646812,0.09716386836953461
9.892561568878591,0.09585084312129766
9.89669380011037,0.09716386836953461
9.900826031342149,0.09716386836953461
9.904958262573928,0.09716386836953461
9.909090493805707,0.09716386836953461
9.913222725037485,0.09716386836953461
9.917354956269264,0.09716386836953461
9.921487187501043,0.09716386836953461
9.925619418732822,0.09716386836953461
9.9297516499646,0.09716386836953461
9.93388388119638,0.09716386836953461
9.938016112428159,0.09716386836953461
9.942148343659937,0.09716386836953461
9.946280574891716,0.09716386836953461
9.950412806123495,0.09716386836953461
9.954545037355274,0.09585084312129766
9.958677268587053,0.09716386836953461
9.962809499818832,0.0945378178730607
9.96694173105061,0.09585084312129766
9.97107396228239,0.09585084312129766
9.975206193514168,0.09716386836953461
9.979338424745947,0.09585084312129766
9.983470655977726,0.09585084312129766
9.987602887209505,0.09585084312129766
9.991735118441284,0.09585084312129766
9.995867349673063,0.09716386836953461
9.999999580904841,0.09585084312129766
10.00413181213662,0.09847689361777157
10.0082640433684,0.09847689361777157
10.012396274600178,0.09716386836953461
10.016528505831957,0.09847689361777157
10.020660737063736,0.0945378178730607
10.024792968295515,0.09716386836953461
10.028925199527293,0.09847689361777157
10.033057430759072,0.09716386836953461
10.037189661990851,0.09585084312129766
10.04132189322263,0.09585084312129766
10.045454124454409,0.09585084312129766
10.049586355686188,0.09585084312129766
10.053718586917967,0.09716386836953461
10.057850818149745,0.09585084312129766
10.061983049381524,0.09716386836953461
10.066115280613303,0.09585084312129766
10.070247511845082,0.09716386836953461
10.074379743076861,0.09716386836953461
10.07851197430864,0.09847689361777157
10.082644205540419,0.09716386836953461
10.086776436772197,0.09716386836953461
10.090908668003976,0.09716386836953461
10.095040899235755,0.09716386836953461
10.099173130467534,0.09716386836953461
10.103305361699313,0.09585084312129766
10.107437592931092,0.09585084312129766
10.11156982416287,0.09585084312129766
10.11570205539465,0.09716386836953461
10.119834286626428,0.09847689361777157
10.123966517858207,0.09716386836953461
10.128098749089986,0.09585084312129766
10.132230980321765,0.09716386836953461
10.136363211553544,0.09716386836953461
10.140495442785323,0.09716386836953461
10.144627674017102,0.09585084312129766
10.14875990524888,0.09847689361777157
10.15289213648066,0.09847689361777157
10.157024367712438,0.09847689361777157
10.161156598944217,0.09585084312129766
10.165288830175996,0.09716386836953461
10.169421061407775,0.09716386836953461
10.173553292639554,0.09716386836953461
10.177685523871332,0.09716386836953461
10.181817755103111,0.09716386836953461
10.18594998633489,0.09847689361777157
10.190082217566669,0.09716386836953461
10.194214448798448,0.09716386836953461
10.198346680030227,0.09585084312129766
10.202478911262006,0.09716386836953461
10.206611142493784,0.09716386836953461
10.210743373725563,0.09716386836953461
10.214875604957342,0.09847689361777157
10.219007836189121,0.09847689361777157
10.2231400674209,0.09716386836953461
10.227272298652679,0.09716386836953461
10.231404529884458,0.09585084312129766
10.235536761116236,0.09585084312129766
10.239668992348015,0.09716386836953461
10.243801223579794,0.09585084312129766
10.247933454811573,0.09716386836953461
10.252065686043352,0.09716386836953461
10.25619791727513,0.09585084312129766
10.26033014850691,0.09847689361777157
10.264462379738688,0.09585084312129766
10.268594610970467,0.09716386836953461
10.272726842202246,0.09716386836953461
10.276859073434025,0.09716386836953461
10.280991304665804,0.09978991886600852
10.285123535897583,0.09585084312129766
10.289255767129362,0.09847689361777157
10.29338799836114,0.09716386836953461
10.29752022959292,0.09716386836953461
10.301652460824698,0.09585084312129766
10.305784692056477,0.09585084312129766
10.309916923288256,0.09716386836953461
10.314049154520035,0.09585084312129766
10.318181385751814,0.09978991886600852
10.322313616983593,0.09716386836953461
10.326445848215371,0.09847689361777157
10.33057807944715,0.09716386836953461
10.334710310678929,0.09716386836953461
10.338842541910708,0.09847689361777157
10.342974773142487,0.09847689361777157
10.347107004374266,0.09847689361777157
10.351239235606045,0.09847689361777157
10.355371466837823,0.09716386836953461
10.359503698069602,0.09847689361777157
10.363635929301381,0.09716386836953461
10.36776816053316,0.0945378178730607
10.371900391764939,0.09847689361777157
10.376032622996718,0.09847689361777157
10.380164854228497,0.09585084312129766
10.384297085460275,0.09847689361777157
10.388429316692054,0.09585084312129766
10.392561547923833,0.09716386836953461
10.396693779155612,0.09716386836953461
10.40082601038739,0.09716386836953461
10.40495824161917,0.09716386836953461
10.409090472850949,0.09716386836953461
10.413222704082727,0.09716386836953461
10.417354935314506,0.09847689361777157
10.421487166546285,0.09716386836953461
10.425619397778064,0.09716386836953461
10.429751629009843,0.09716386836953461
10.433883860241622,0.09847689361777157
10.4380160914734,0.09847689361777157
10.44214832270518,0.09716386836953461
10.446280553936958,0.09716386836953461
10.450412785168737,0.09585084312129766
10.454545016400516,0.09716386836953461
10.458677247632295,0.09847689361777157
10.462809478864074,0.09585084312129766
10.466941710095853,0.09847689361777157
10.471073941327631,0.09585084312129766
10.47520617255941,0.09716386836953461
10.47933840379119,0.09716386836953461
10.483470635022968,0.09716386836953461
10.487602866254747,0.09716386836953461
10.491735097486526,0.09716386836953461
10.495867328718305,0.09716386836953461
10.499999559950083,0.09847689361777157
10.504131791181862,0.09847689361777157
10.508264022413641,0.09585084312129766
10.51239625364542,0.09716386836953461
10.516528484877199,0.09716386836953461
10.520660716108978,0.09716386836953461
10.524792947340757,0.09978991886600852
10.528925178572536,0.09716386836953461
10.533057409804314,0.09716386836953461
10.537189641036093,0.09716386836953461
10.541321872267872,0.09585084312129766
10.545454103499651,0.09716386836953461
10.54958633473143,0.09585084312129766
10.553718565963209,0.09716386836953461
10.557850797194988,0.09716386836953461
10.561983028426766,0.09585084312129766
10.566115259658545,0.09847689361777157
10.570247490890324,0.09716386836953461
10.574379722122103,0.09716386836953461
10.578511953353882,0.09585084312129766
10.58264418458566,0.09847689361777157
10.58677641581744,0.09716386836953461
10.590908647049218,0.09585084312129766
10.595040878280997,0.09585084312129766
10.599173109512776,0.09322479262482375
10.603305340744555,0.09585084312129766
10.607437571976334,0.09847689361777157
10.611569803208113,0.09716386836953461
10.615702034439892,0.09585084312129766
10.61983426567167,0.09716386836953461
10.62396649690345,0.09585084312129766
10.628098728135228,0.09716386836953461
10.632230959367007,0.09716386836953461
10.636363190598786,0.09716386836953461
10.640495421830565,0.09716386836953461
10.644627653062344,0.09585084312129766
10.648759884294122,0.09585084312129766
10.652892115525901,0.0945378178730607
10.65702434675768,0.09585084312129766
10.661156577989459,0.0945378178730607
10.665288809221238,0.09585084312129766
10.669421040453017,0.0945378178730607
10.673553271684796,0.09716386836953461
10.677685502916574,0.09716386836953461
10.681817734148353,0.09716386836953461
10.685949965380132,0.09585084312129766
10.690082196611911,0.09585084312129766
10.69421442784369,0.09716386836953461
10.698346659075469,0.0945378178730607
10.702478890307248,0.09585084312129766
10.706611121539026,0.09585084312129766
10.710743352770805,0.09585084312129766
10.714875584002584,0.09716386836953461
10.719007815234363,0.09585084312129766
10.723140046466142,0.09585084312129766
10.72727227769792,0.0945378178730607
10.7314045089297,0.09585084312129766
10.735536740161479,0.09585084312129766
10.739668971393257,0.09585084312129766
10.743801202625036,0.09585084312129766
10.747933433856815,0.09585084312129766
10.752065665088594,0.09585084312129766
10.756197896320373,0.09716386836953461
10.760330127552152,0.09585084312129766
10.76446235878393,0.09585084312129766
10.76859459001571,0.09585084312129766
10.772726821247488,0.0945378178730607
10.776859052479267,0.09585084312129766
10.780991283711046,0.09585084312129766
10.785123514942825,0.09585084312129766
10.789255746174604,0.0945378178730607
10.793387977406383,0.09585084312129766
10.797520208638161,0.09585084312129766
10.80165243986994,0.09585084312129766
10.80578467110172,0.09716386836953461
